uid,from_uid,latent_dim,beta,epochs,encoder_batch_norm,learning_rate,loss,val_loss
0,,35,2.5000000000000013,10,false,0.001,385.15894585894483,384.82681615787163
1,,75,1,12,true,0.01,382.911745499241,382.82765540598444
2,,65,1,12,true,0.01,382.90399134599846,382.78117578077917
3,,75,1,12,true,0.01,382.91029375080586,382.9543988219567
4,,75,1,12,true,0.01,382.88471555602524,382.9421543279517
5,,75,1,12,true,0.01,382.8784487152672,382.8847477617696
6,,75,1,12,true,0.01,382.8804085023942,382.7962158850557
7,,75,1,12,true,0.01,382.8836609939838,382.7896164367146
8,,75,1,12,true,0.01,382.9495959500129,382.7923476569563
9,,75,1,12,true,0.01,382.8859341758047,382.76777064765776
10,,75,1,12,true,0.01,382.8363943413745,382.7977577143258
11,,75,1,12,true,0.01,382.84978568097836,382.80792951445915
12,,75,1,12,true,0.01,382.84824137247693,382.71739413078404
13,,75,1,12,true,0.01,382.8415453625369,382.779049320644
14,,75,1,12,true,0.01,382.8848970131327,382.94922075115267
15,,75,1,12,true,0.01,382.91367089971953,382.85449927982046
16,,75,1,12,true,0.01,382.8888565372544,382.95863726329895
17,,75,1,12,true,0.01,382.8820859160713,382.845273112607
18,,75,1,12,true,0.01,382.88807141360536,382.80828919222176
19,,80,1,12,true,0.01,382.92233525910774,382.9693476972148
20,,70,1,12,true,0.01,382.8939750425277,382.88242136294036
21,,75,1,12,true,0.01,382.9011186512448,382.76525852420406
22,,80,1,12,true,0.01,382.95258859575733,382.92202702874505
23,,75,1,12,true,0.01,382.91950078736727,382.8803094700194
24,,75,1,12,true,0.01,382.92162396830895,382.9565942335727
25,,75,1,12,true,0.01,382.88590624523806,382.83129247152243
26,,75,1,12,true,0.01,382.92276266545883,382.9656805261007
27,,100,1,12,true,0.01,383.11521147782236,383.2486648780286
28,,75,1,12,true,0.01,382.92477146844084,382.77718810152294
29,,75,1,12,true,0.01,382.89584739782356,382.87840137095435
30,,75,1,12,true,0.01,382.9101768087285,382.8389062394057
31,,75,1,12,true,0.01,382.9083702505216,382.80305714915323
32,,75,1,12,true,0.01,382.888322788705,382.7973030406691
33,,75,1,12,true,0.01,382.88160200755755,382.8812296176715
34,,75,1,12,true,0.01,382.89961587229084,382.8701054748712
35,,75,1,12,true,0.01,382.92259013697515,382.86306718552237
36,,5,1,14,true,0.01,382.6639105040804,382.49284384864507
37,,70,1,12,true,0.01,382.844393479046,382.8262279072746
38,,75,1,12,true,0.01,382.9332950074066,382.9803724298137
39,,80,1,12,true,0.01,382.8932011368931,382.90293894577394
40,,75,1,12,true,0.01,382.90431903630207,382.8828320700959
41,,75,1,12,true,0.01,382.90798963931655,382.7916511969718
42,,75,1,12,true,0.01,382.87053078882514,382.78883975405125
43,,95,1,12,true,0.01,383.0183251302938,383.02130562498115
44,,70,1,12,true,0.01,382.867010118008,382.84440555406974
45,,75,1,12,true,0.01,382.8974391882883,382.8239986526357
46,,75,1,12,true,0.01,382.89496499796337,382.8120965911659
47,,75,1,12,true,0.01,382.87600087582933,382.98411579187257
48,,70,1,12,true,0.01,382.88702127008804,382.8022144873094
49,,75,1,12,true,0.01,382.88019025477803,382.9246491861665
50,,75,1,12,true,0.01,382.86509401245576,382.82918681748924
51,,80,1,12,true,0.01,382.93000755682084,382.8752836339614
52,,75,1,12,true,0.01,382.8898741485298,382.8048533602414
53,,70,1,12,true,0.01,382.8482669449711,382.7897625502878
54,,70,1,12,true,0.01,382.81090816374746,382.83270187157217
55,,75,1,12,true,0.01,382.93279266929767,382.7142662114554
56,,75,1,12,true,0.01,382.8549904962813,382.86468429344717
57,,75,1,12,true,0.01,382.87866343722163,382.84846139023136
58,,75,1,12,true,0.01,382.88380989595544,383.00613162004845
59,,75,1,12,true,0.01,382.85968564742507,382.8232094333395
60,,75,1,12,true,0.01,382.9463962517729,382.8994586175755
61,,70,1,12,true,0.01,382.82429107185243,382.8926270355254
62,,75,1,12,true,0.01,382.8895166601709,382.80874280644474
63,,5,1,14,true,0.01,382.78024258305436,382.6074077786452
64,,75,1,12,true,0.01,382.8490475356266,382.91193115469804
65,,75,1,12,true,0.01,382.8525903219579,382.87677399240783
66,,75,1,12,true,0.01,382.9349285563578,382.77688701633315
67,,75,1,12,true,0.01,382.9006356584874,382.9001045190265
68,,75,1,12,true,0.01,382.92117114972103,382.7972541595724
69,,80,1,12,true,0.01,382.9151542613698,382.91617427520606
70,,75,1,12,true,0.01,382.8994279591016,382.80915545589556
71,,75,1,12,true,0.01,382.92274261039626,382.9843763537209
72,,75,1,12,true,0.01,382.91922761726806,382.8772478830159
73,,75,1,12,true,0.01,382.9014845416676,382.77723530518284
74,,75,1,12,true,0.01,382.89690445530084,382.76404870970384
75,,80,1,12,true,0.01,382.89762790276427,382.8307174638474
76,,75,1,12,true,0.01,382.87644950483224,382.8955867108867
77,,75,1,12,true,0.01,382.8694641159069,382.8627653057573
78,,75,1,12,true,0.01,382.9337928354159,382.8442277457698
79,,75,1,12,true,0.01,382.9168027633129,382.75484225972986
80,,75,1,12,true,0.01,382.89746176168063,382.8767999779638
81,,75,1,12,true,0.01,382.9051986888934,382.7747152359759
82,,75,1,12,true,0.01,382.8434856440551,382.9457321534851
83,,90,1,12,true,0.01,382.99674318146185,382.8950682357744
84,,80,1,12,true,0.01,382.91461641808155,382.9093974894245
85,,75,1,12,true,0.01,382.87620412793626,382.98476540134175
86,,5,1,12,true,0.01,383.09745597410097,383.0442063746365
87,,100,1,10,true,0.01,383.34860604298154,383.3410387029988
88,,80,1,12,true,0.01,382.936555466076,382.95187578044954
89,,75,1,12,true,0.01,382.9420949903003,382.84056804954946
90,,75,1,12,true,0.01,382.8844406459891,382.78514542023265
91,,75,1,12,true,0.01,382.91825350441616,382.8723637462237
92,,80,1,12,true,0.01,382.9053750406596,382.98934144890984
93,,75,1,12,true,0.01,382.88519113115683,382.81807862505275
94,,80,1,12,true,0.01,382.925648465339,382.9281859292129
95,,80,1,12,true,0.01,382.8873450586157,382.8730112662541
96,,75,1,12,true,0.01,382.92095141400097,382.8128566466049
97,,75,1,12,true,0.01,382.9418202634155,382.99429703862364
98,,75,1,12,true,0.01,382.91221129867426,382.8839260531713
99,,70,1,12,true,0.01,382.86447848687027,382.71696176409375
100,,75,1,12,true,0.01,382.8997664226237,382.8630201290061
101,,75,1,12,true,0.01,382.83581270531255,382.81365045678075
102,,75,1,12,true,0.01,382.891574204281,382.8136945409968
103,,80,1,12,true,0.01,382.97903964363894,382.91044597570556
104,,75,1,12,true,0.01,382.9232535795082,382.83352443360315
105,,75,1,12,true,0.01,382.9335758469647,382.9330660048423
106,,75,1,12,true,0.01,382.87214490084926,382.91747111041843
107,,75,1,12,true,0.01,382.8466300894856,382.83917874931257
108,,75,1,12,true,0.01,382.869427623019,382.9580896243295
109,,75,1,12,true,0.01,382.8768187606594,382.88675329931215
110,,75,1,12,true,0.01,382.89640172799545,382.82021815153763
111,,75,1,12,true,0.01,382.9252343832418,382.80102906921445
112,,75,1,12,true,0.01,382.89421345967594,382.87344701724663
113,,5,1,14,true,0.01,382.71677304244275,382.65097119470227
114,,75,1,12,true,0.01,382.9005052776866,382.87293822418184
115,,75,1,12,true,0.01,382.85765140931227,382.95889611828176
116,,75,1,12,true,0.01,382.8821442955343,382.8491556724909
117,,75,1,12,true,0.01,382.8888328420606,382.89169211465804
118,,75,1,12,true,0.01,382.8644846518724,382.83287888529674
119,,75,1,12,true,0.01,382.9182045572428,382.8962452078279
120,,75,1,12,true,0.01,382.8966624209153,382.88120669270205
121,,75,1,12,true,0.01,382.9235417222225,382.7680633162349
122,,70,1,12,true,0.01,382.8597940042872,382.6850819307215
123,,80,1,12,true,0.01,382.9485245380559,382.9165596148087
124,,75,1,12,true,0.01,382.9017671538682,382.98966195705196
125,,80,1,12,true,0.01,382.9140624771061,382.8804517872883
126,,75,1,12,true,0.01,382.8931246941374,382.8458656892252
127,,80,1,12,true,0.01,382.9220130273657,382.9776075136926
128,,75,1,12,true,0.01,382.9314111364755,382.8674568021769
129,,75,1,12,true,0.01,382.9158756745461,382.96084135638597
130,,75,1,12,true,0.01,382.8564740901412,383.03139293527187
131,,75,1,12,true,0.01,382.8798376787975,382.6983580483535
132,,75,1,12,true,0.01,382.8665222946362,382.93764552499886
133,,75,1,12,true,0.01,382.90574177815694,382.9369682231083
134,,75,1,12,true,0.01,382.9022304938417,382.7867649118834
135,,75,1,12,true,0.01,382.8719483337631,382.8587659727297
136,,30,1,12,true,0.01,382.63453126661443,382.6124117491675
137,,75,1,12,true,0.01,382.91016391945885,382.7621839002795
138,,80,1,12,true,0.01,382.92021887765645,382.83462397870585
139,,75,1,12,true,0.01,382.85201130234253,382.87309775724935
140,,80,1,12,true,0.01,382.93969870794115,382.71727879964743
141,,75,1,12,true,0.01,382.8950654564276,382.8927255628654
142,,75,1,12,true,0.01,382.9448562931138,382.9027777646983
143,,75,1,12,true,0.01,382.87495995855653,382.92735774629716
144,,75,1,12,true,0.01,382.91022921288186,382.8536906964294
145,,75,1,12,true,0.01,382.89207894625025,382.85553661261827
146,,75,1,12,true,0.01,382.84743773419814,382.8599381479026
147,,75,1,12,true,0.01,382.8368765622802,382.9474193017531
148,,75,1,12,true,0.01,382.86678706267145,382.84868687305067
149,,70,1,12,true,0.01,382.89537273844826,382.8987243122627
150,,75,1,12,true,0.01,382.850193179442,382.85075909606286
151,,75,1,12,true,0.01,382.8897386394939,382.9445570942981
152,,80,1,12,true,0.01,382.9269453364928,382.83052338146774
153,,75,1,12,true,0.01,382.888605116367,382.8833990437315
154,,100,5.0000000000000036,14,false,0.01,387.49788404699177,386.36630231366206
155,,80,1,12,true,0.01,382.9207995816093,382.77219613791664
156,,75,1,12,true,0.01,382.9616005991244,382.9038717772025
157,,75,1,12,true,0.01,382.8824320196173,382.82370257032755
158,,75,1,12,true,0.01,382.8956572410315,383.0248621735531
159,,75,1,12,true,0.01,382.8900561321971,382.88767229924434
160,,70,1,12,true,0.01,382.86657762920953,382.82623105614715
161,,100,1,12,false,0.01,385.22496375959923,384.7410104102316
162,,85,1,12,true,0.01,382.9534985827756,382.86471701817896
163,,100,2.000000000000001,12,true,0.01,384.3993582079079,384.19588815510673
164,,75,1,12,true,0.01,382.94507248027827,382.878188424768
165,,75,1,12,true,0.01,382.9504976723307,382.8028155688265
166,,75,1,12,true,0.01,382.8889804161856,382.8948885734654
167,,75,1,12,true,0.01,382.8841889503748,382.9385860078935
168,,75,1,12,true,0.01,382.91741123757504,382.9357210635679
169,,70,1,12,true,0.01,382.797478323133,382.94361337424476
170,,75,1,12,true,0.01,382.90976812959343,383.0134008365289
171,,75,1,12,true,0.01,382.8898902429465,382.8009918418892
172,,80,1,12,true,0.01,382.90784298094786,382.90320863052415
173,,80,1,12,true,0.01,382.92423536181894,382.84928215711074
174,,75,1,12,true,0.01,382.91685056579087,382.8733726803109
175,,80,1,12,true,0.01,382.9398459386575,382.9040918745668
176,,75,1,12,true,0.01,382.91862937658243,382.83552358511446
177,,75,1,12,true,0.01,382.85333412210474,382.9388805599084
178,,80,1,12,true,0.01,382.9451763499346,382.78636894851434
179,,75,1,12,true,0.01,382.8981005245818,382.8209471891103
180,,70,1,12,true,0.01,382.85734561539556,382.8029478509033
181,,75,1,12,true,0.01,382.88715764909244,383.046637480836
182,,75,1,12,true,0.01,382.9093776511144,382.7676104965872
183,,80,1,12,true,0.01,382.8952598256986,382.8537633264996
184,,70,1,12,true,0.01,382.8282856694398,382.8290080968991
185,,70,1,12,true,0.01,382.8867332647371,382.829389169338
186,,70,1,12,true,0.01,382.8808941508448,382.84574944579845
187,,75,1,12,true,0.01,382.8958335241159,382.8275383679823
188,,60,1,12,true,0.01,382.76059059385904,382.7059818808575
189,,75,1,12,true,0.01,382.89017083067154,382.8535917570874
190,,80,1,12,true,0.01,382.9655260113246,382.93557674514636
191,,75,1,12,true,0.01,382.89765411628787,382.84350806652867
192,,75,1,12,true,0.01,382.8968101324037,382.9343365307829
193,,5,1,14,true,0.01,382.84738085919184,382.7005242666835
194,,75,1,12,true,0.01,382.8927364821552,382.8967606812112
195,,75,1,12,true,0.01,382.9072288747846,382.8773231616705
196,,75,1,12,true,0.01,382.93661322740354,382.922073496687
197,,75,1,12,true,0.01,382.8598364953787,382.7336114131151
198,,75,1,12,true,0.01,382.9081454094603,382.92647615026254
199,,75,1,12,true,0.01,382.9047829584349,382.79785806624614
200,,75,1,12,true,0.01,382.8476883243638,382.7909893157282
201,,65,1,12,true,0.01,382.84568909103496,382.87665433525007
202,,75,1,12,true,0.01,382.8941588348137,382.83326254746265
203,,80,1,12,true,0.01,382.9435935567754,382.9211156508502
204,,80,1,12,true,0.01,382.93186578657605,382.88361914109583
205,,90,5.0000000000000036,14,true,0.01,386.8778141354099,386.2554482264137
206,,75,1,12,true,0.01,382.94585041524056,382.79717832177215
207,,75,1,12,true,0.01,382.86947757752426,382.9190104382477
208,,75,1,12,true,0.01,382.9548133340708,382.84582719646517
209,,80,1,12,true,0.01,382.92942156437545,382.9968859121678
210,,70,1,12,true,0.01,382.897065536831,382.86915427992403
211,,80,1,12,true,0.01,382.960780081495,383.0039585448277
212,,70,1,12,true,0.01,382.8251427480894,382.8215471229075
213,,75,1,12,true,0.01,382.91517814298544,382.78930917149455
214,,75,1,12,true,0.01,382.91250905682966,382.99543966736604
215,,75,1,12,true,0.01,382.85779091169974,382.92636646943936
216,,75,1,12,true,0.01,382.88194262310697,382.93850510835415
217,,5,1,14,true,0.01,382.6607460297517,382.47734112495857
218,,80,1,12,true,0.01,382.9287751320154,382.8889577749725
219,,75,1,12,true,0.01,382.9107746602178,382.8059744471639
220,,75,1,12,true,0.01,382.8707548057058,382.91062225371223
221,,75,1,12,true,0.01,382.9171434933318,382.884959883952
222,,75,1,12,true,0.01,382.8673626841769,382.91633560342524
223,,75,1,12,true,0.01,382.8316821179172,382.8235770274266
224,,70,1,12,true,0.01,382.85737306519013,382.92600732139357
225,,70,1,12,true,0.01,382.8176812313081,382.7384346030372
226,,75,1,12,true,0.01,382.90726532188467,382.8713179968132
227,,75,1,12,true,0.01,382.91788401964993,382.924405722402
228,,70,1,12,true,0.01,382.8753190952767,382.8275649715413
229,,75,1,12,true,0.01,382.86857482498067,382.72212782798186
230,,75,1,12,true,0.01,382.93491003518704,382.85370081990754
231,,75,1,12,true,0.01,382.88077086715526,382.87405330764636
232,,5,1,14,true,0.01,382.818320092326,382.6720596063332
233,,75,1,12,true,0.01,382.879385419475,382.87667602421345
234,,75,1,12,true,0.01,382.90223040226607,382.822704024577
235,,75,1,12,true,0.01,382.91086815893425,382.8200525855834
236,,75,1,12,true,0.01,382.92271019262387,382.75447546021803
237,,75,1,12,true,0.01,382.87722883632284,382.84391444766305
238,,75,1,12,true,0.01,382.90465772876325,382.8274634130436
239,,75,1,12,true,0.01,382.897394911472,382.85296474887184
240,,75,1,12,true,0.01,382.85052036935014,382.87829369128383
241,,70,1,12,true,0.01,382.8242118131462,382.89668622656063
242,,75,1,12,true,0.01,382.8990677234738,382.98153721837895
243,,75,1,12,true,0.01,382.90448746677635,382.94676186424556
244,,75,1,12,true,0.01,382.8621096314118,382.91275050899907
245,,70,1,12,true,0.01,382.86276233670236,382.80610393351276
246,,75,1,12,true,0.01,382.88444130991246,382.86846591283637
247,,75,1,12,true,0.01,382.9300467969776,382.7738018274997
248,,75,1,12,true,0.01,382.89462555000324,383.086415952059
249,,80,1,12,true,0.01,382.9026442096364,382.93089678478333
250,,75,1,12,true,0.01,382.8852017768236,382.95192557383643
251,,75,1,12,true,0.01,382.8951309101079,382.8193028301949
252,,70,1,12,true,0.01,382.83004712664984,382.8150622405564
253,,80,1,12,true,0.01,382.9308832945541,382.9719535511278
254,,75,1,12,true,0.01,382.88644466414456,382.8001526526338
255,,80,1,12,true,0.01,382.91837220932433,382.9922978871124
256,,75,1,12,true,0.01,382.9181260540355,382.7831323783676
257,,75,1,12,true,0.01,382.8531902567927,382.86432255567445
258,,70,1,12,true,0.01,382.8594747029653,382.705043869975
259,,75,1,12,true,0.01,382.85402091642294,382.83699540347004
260,,75,1,12,true,0.01,382.89868571574044,382.8039343897379
261,,5,2.9000000000000017,14,true,0.01,385.10216104484755,384.65826913360917
262,,75,1,12,true,0.01,382.86459925223005,382.8876317464742
263,,70,1,12,true,0.01,382.8558766736362,382.79778361159555
264,,75,1,12,true,0.01,382.8704827116203,382.83556822847606
265,,80,1,12,true,0.01,382.91858448163066,382.80777274769093
266,,75,1,12,true,0.01,382.89662579066396,382.8449163777159
267,,80,1,12,true,0.01,382.95815051022277,382.7962434303335
268,,75,1,12,true,0.01,382.89535971181516,382.7884210717138
269,,75,1,12,true,0.01,382.88205761920216,382.90978368245993
270,,75,1,12,true,0.01,382.89833246275435,382.9162042630673
271,,70,1,12,true,0.01,382.8260248732227,382.8838675488846
272,,75,1,12,true,0.01,382.8769755610289,382.7607995440668
273,,75,1,12,true,0.01,382.8906927888588,382.9535897971349
274,,75,1,12,true,0.01,382.8919079745522,382.83745572744016
275,,75,1,12,true,0.01,382.9155529391381,382.9718910151071
276,,75,1,12,true,0.01,382.90463158392134,382.8325500782568
277,,75,1,12,true,0.01,382.83294052730713,382.86017749164694
278,,75,1,12,true,0.01,382.8538333008545,382.9510948306224
279,,75,1,12,true,0.01,382.87537990149394,382.63942807527724
280,,75,1,12,true,0.01,382.84994099324393,382.8690315327511
281,,75,1,12,true,0.01,382.8273655731263,382.90161483014214
282,,75,1,12,true,0.01,382.9319249673258,382.8642474535921
283,,5,4.900000000000004,14,false,0.01,385.19398617747004,384.7286344581538
284,,45,1,14,true,0.01,383.6682114744733,383.30735603707734
285,,75,1,12,true,0.01,382.84072115898846,382.9375353733162
286,,75,1,12,true,0.01,382.8379864360011,382.95926118149936
287,,80,1,12,true,0.01,382.94144903871234,382.8182004305068
288,,75,1,12,true,0.01,382.88249276369385,382.8903479580709
289,,80,1,12,true,0.01,382.920502784998,382.83723383492423
290,,75,1,12,true,0.01,382.8710767856149,382.84631135769496
291,,75,1,12,true,0.01,382.91524343640845,382.91484768756214
292,,80,1,12,true,0.01,382.92792233397705,382.8773421137634
293,,80,1,12,true,0.01,382.9855466185882,382.87494308486396
294,,75,1,12,true,0.01,382.9245885919112,382.9552135559494
295,,75,1,12,true,0.01,382.9384510586875,382.88024649256795
296,,75,1,12,true,0.01,382.88098313946165,382.8583245125663
297,,75,1,12,true,0.01,382.87138042750433,382.78432253448574
298,,75,1,12,true,0.01,382.88668589724335,382.8827322478924
299,,80,1,12,true,0.01,382.9448135501893,382.89983362769897
300,,75,1,12,true,0.01,382.88304480447505,382.805589754993
301,,75,1,12,true,0.01,382.91005988954515,382.69676148167224
302,,80,1,12,true,0.01,382.900846877674,382.95592576029674
303,,75,1,12,true,0.01,382.9106059321227,382.8555222808338
304,,100,1,14,true,0.01,384.87551644729683,384.65058317708645
305,,5,2.300000000000001,14,false,0.01,385.11094559724785,384.68007634161984
306,,70,1,12,true,0.01,382.8485296754487,382.7737453832231
307,,75,1,12,true,0.01,382.91931269102673,382.7143381940939
308,,70,1,12,true,0.01,382.86086369920116,382.91726981800343
309,,75,1,12,true,0.01,382.90953662640516,382.848055009097
310,,75,1,12,true,0.01,382.8634084256538,382.6895457077394
311,,75,1,12,true,0.01,382.91736515214006,382.8567267393077
312,,75,1,12,true,0.01,382.89999304940983,382.82413211186116
313,,75,1,12,true,0.01,382.88770806440624,382.8231188811814
314,,75,1,12,true,0.01,382.89665965075255,382.9645570554522
315,,80,1,12,true,0.01,382.96273801421546,382.9266699972125
316,,70,1,12,true,0.01,382.85151648324677,382.8095290828694
317,,75,1,12,true,0.01,382.9197363427771,382.9002713504155
318,,70,1,12,true,0.01,382.8606853556651,382.88179729759634
319,,80,1,12,true,0.01,382.9892161423186,382.868909109294
320,,75,1,12,true,0.01,382.8826961760582,382.8623840273174
321,,70,1,12,true,0.01,382.8801862941321,382.7632659352964
322,,75,1,12,true,0.01,382.9017766908158,382.97270695567704
323,,80,1,12,true,0.01,382.9409814993421,382.87499290767954
324,,75,1,12,true,0.01,382.91323149696115,382.8294612402626
325,,80,1,12,true,0.01,382.8685183457119,382.8445974587245
326,,75,1,12,true,0.01,382.9314526202351,382.89577337723
327,,75,1,12,true,0.01,382.9189279818124,382.78822728362127
328,,75,1,12,true,0.01,382.94808694391617,382.7583805036407
329,,75,1,12,true,0.01,382.898591232586,382.84921452992216
330,,75,1,12,true,0.01,382.8978916176798,382.82485158510127
331,,75,1,12,true,0.01,382.8773107965102,382.8047894999284
332,,75,1,12,true,0.01,382.9113051120446,382.9137248937741
333,,75,1,12,true,0.01,382.92479969662827,383.04424580911547
334,,75,1,12,true,0.01,382.8718492489333,382.94710341391936
335,,75,1,12,true,0.01,382.8753991323759,382.84728512446696
336,,80,1,12,true,0.01,382.88489362483443,382.86858097911454
337,,75,1,12,true,0.01,382.89881719544877,382.86454094617324
338,,70,1,12,true,0.01,382.8259834450626,382.7701900706572
339,,80,1,12,true,0.01,382.92201501913564,382.8814937698232
340,,75,1,12,true,0.01,382.8863729375337,382.78585568228476
341,,75,1,12,true,0.01,382.91357914094004,382.83376212933945
342,,75,1,12,true,0.01,382.87767725928063,382.893257457472
343,,80,1,12,true,0.01,382.9260550840225,382.931204197147
344,,75,1,12,true,0.01,382.91125703483976,382.87812538845907
345,,80,1,12,true,0.01,382.93257490245367,382.8465773049983
346,,80,1,12,true,0.01,382.97461697577717,382.81850987345183
347,,75,1,12,true,0.01,382.899534530239,382.7734478294792
348,,75,1,12,true,0.01,382.9190084767896,382.8574754646912
349,,75,1,12,true,0.01,382.9274083657633,382.90110712593986
350,,75,1,12,true,0.01,382.88104662426593,382.8898693882971
351,,75,1,12,true,0.01,382.8859798720432,382.93447617003864
352,,75,1,12,true,0.01,382.8970979546034,382.83285181087837
353,,75,1,12,true,0.01,382.89068431811324,382.90079082610407
354,,75,1,12,true,0.01,382.8849968076736,382.8365596819062
355,,75,1,12,true,0.01,382.8606965278917,382.7915232409162
356,,75,1,12,true,0.01,382.83900847888276,382.8326499004603
357,,75,1,12,true,0.01,382.9099266241121,382.8381268787292
358,,75,1,12,true,0.01,382.8942144670079,382.8007917266228
359,,80,1,12,true,0.01,382.8771052942592,382.9356955488714
360,,75,1,12,true,0.01,382.88495495761146,382.7386053190167
361,,75,1,12,true,0.01,382.8796063227843,382.7986497281258
362,,80,1,12,true,0.01,382.95757259932657,382.8428478627219
363,,75,1,12,true,0.01,382.8741718227234,382.8414282214791
364,,75,1,12,true,0.01,382.9178885068557,382.81171784359555
365,,75,1,12,true,0.01,382.85532282423634,382.9603088143476
366,,75,1,12,true,0.01,382.90572657660266,382.89060360532375
367,,80,1,12,true,0.01,382.94523646933465,382.8383561578528
368,,75,1,12,true,0.01,382.8880293117102,382.83820233395613
369,,80,1,12,true,0.01,382.9166221761739,382.76104983529336
370,,75,1,12,true,0.01,382.882374470876,382.73653162456867
371,,80,1,12,true,0.01,382.89998242663694,382.8816026854998
372,,75,1,12,true,0.01,382.8787946879908,382.79177782873523
373,,75,1,12,true,0.01,382.8796720054037,382.87560885069803
374,,75,1,12,true,0.01,382.89967292390725,382.8750924650246
375,,75,1,12,true,0.01,382.92066892608165,382.80335402603663
376,,55,5.0000000000000036,14,false,0.01,385.4364799554294,384.97455393129974
377,,80,1,12,true,0.01,382.92577596150744,382.8477606336544
378,,75,1,12,true,0.01,382.88947158206787,382.70380653962565
379,,75,1,12,true,0.01,382.8794087712602,382.7679142303614
380,,75,1,12,true,0.01,382.9439620113158,382.7862669191572
381,,75,1,12,true,0.01,382.8855166367275,382.8550375016009
382,,75,1,12,true,0.01,382.85457426215686,382.9297399125426
383,,75,1,12,true,0.01,382.8337840271487,382.7893712660846
384,,75,1,12,true,0.01,382.9312437133331,382.974677679049
385,,75,1,12,true,0.01,382.9030940520164,382.7688121593332
386,,55,2.6000000000000014,10,true,0.01,385.4382456839883,384.88511965244925
387,,75,1,12,true,0.01,382.8958590050345,382.82138020323237
388,,75,1,12,true,0.01,382.85134752621263,382.84768138212314
389,,80,1,12,true,0.01,382.95924161093984,382.9512493608083
390,,75,1,12,true,0.01,382.89143276572315,382.83462344898896
391,,45,1,12,true,0.01,382.7471260068348,382.7417134033909
392,,75,1,12,true,0.01,382.9124306680918,382.9289727942118
393,,75,1,12,true,0.01,382.8780435388999,382.9293928302702
394,,75,1,12,true,0.01,382.88825225257733,382.8980293531427
395,,75,1,12,true,0.01,382.8838036557305,382.8221403469575
396,,70,1,12,true,0.01,382.86227308409656,382.8296834564945
397,,75,1,12,true,0.01,382.9025245202902,382.8169118353348
398,,75,1,12,true,0.01,382.8911366101413,382.8890111586627
399,,75,1,12,true,0.01,382.9681580322449,382.93339125100766
400,,75,1,12,true,0.01,382.92413272843356,382.87255573916457
401,,70,1,12,true,0.01,382.84486717687724,382.95665971246495
402,,75,1,12,true,0.01,382.85592028652917,382.86423924298043
403,,75,1,12,true,0.01,382.89453163919643,382.88927916597606
404,,50,1,12,true,0.01,382.731627587247,382.49017819558185
405,,75,1,12,true,0.01,382.88970269605977,382.86767642868176
406,,75,1,12,true,0.01,382.9059111472815,382.8762383897831
407,,75,1,12,true,0.01,382.90005371826356,382.86400657955454
408,,75,1,12,true,0.01,382.8793653415185,382.96550724982296
409,,75,1,12,true,0.01,382.8475661395818,382.7283299886617
410,,75,1,12,true,0.01,382.93855827085434,382.8491472264495
411,,75,1,12,true,0.01,382.8028153736432,382.88764119309195
412,,75,1,12,true,0.01,382.8805637296252,382.9454084670417
413,,75,1,12,true,0.01,382.9220968648534,382.75749096185285
414,,75,1,12,true,0.01,382.91563274729816,382.85612453949943
415,,70,1,12,true,0.01,382.8560239959282,382.89132454999964
416,,100,5.0000000000000036,10,false,0.01,387.48970667044205,386.6965757276191
417,,75,1,12,true,0.01,382.9096170755946,382.8422802122258
418,,75,1,12,true,0.01,382.8925715544487,382.85779079337937
419,,80,1,12,true,0.01,382.9289825508135,382.9795303565442
420,,100,1,10,true,0.01,383.03878993168354,383.0416630567442
421,,80,1,12,true,0.01,382.8865393075564,382.9081225786053
422,,75,1,12,true,0.01,382.878451233597,382.8551782002904
423,,80,1,12,true,0.01,382.96734621430016,382.9238093789081
424,,75,1,12,true,0.01,382.9006777374886,382.8847502926391
425,,75,1,12,true,0.01,382.91296627104776,382.8104534682565
426,,70,1,12,true,0.01,382.8742669370956,382.75629415484497
427,,5,1,14,true,0.01,382.95175621254293,382.54353225104717
428,,75,1,12,true,0.01,382.88742676697007,382.8008987588616
429,,75,1,12,true,0.01,382.91092143305605,382.7511023702594
430,,75,1,12,true,0.01,382.8595813885722,382.7818699747525
431,,75,1,12,true,0.01,382.920380600216,382.83163516891614
432,,75,1,12,true,0.01,382.8871089537521,382.86143598124283
433,,75,1,12,true,0.01,382.8509408159535,382.81573153783637
434,,75,1,12,true,0.01,382.8923255365233,382.7625707407467
435,,5,5.0000000000000036,10,true,0.01,385.19731173332883,384.734699245589
436,,75,1,12,true,0.01,382.89086133380266,382.8931637270126
437,,80,1,12,true,0.01,382.9219964979648,382.775909953545
438,,75,1,12,true,0.01,382.8948324193475,382.91519939014285
439,,75,1,12,true,0.01,382.8857771922839,382.9241076683699
440,,70,1,12,true,0.01,382.8600097335735,382.7766864007786
441,,80,1,12,true,0.01,382.89981301172463,382.8955567230254
442,,75,1,12,true,0.01,382.8970914527338,382.74437375928534
443,,75,1,12,true,0.01,382.87701024529815,382.8970480526195
444,,75,1,12,true,0.01,382.93938238282715,382.9745128782414
445,,75,1,12,true,0.01,382.9211995152719,382.9753782884824
446,,75,1,12,true,0.01,382.880607358871,382.8433826413426
447,,75,1,12,true,0.01,382.90306754087203,383.04288929246775
448,,80,1,12,true,0.01,382.91371240637307,382.83622028052866
449,,75,1,12,true,0.01,382.8704653809326,382.82426156878125
450,,80,1,12,true,0.01,382.9093784524012,383.0193854601427
451,,75,1,12,true,0.01,382.8446015846613,382.8187543966501
452,,75,1,12,true,0.01,382.8593201461987,382.88255505759554
453,,80,1,12,true,0.01,382.93037502692323,382.9855735138734
454,,75,1,12,true,0.01,382.86296600089963,382.9331718599325
455,,5,1,14,true,0.01,382.93513810428925,382.39737509393643
456,,80,1,12,true,0.01,382.9199852682287,383.05601776623337
457,,80,1,12,true,0.01,382.91529755760473,382.90596810233285
458,,75,1,12,true,0.01,382.8765066251304,382.87225674341363
459,,75,1,12,true,0.01,382.91920440284633,382.85309870838546
460,,75,1,12,true,0.01,382.892696623863,382.84976596519596
461,,80,1,12,true,0.01,382.8948720487007,382.83849038222485
462,,80,1,12,true,0.01,382.941872598887,382.88304116112056
463,,70,1,12,true,0.01,382.87884681741724,382.8428363855228
464,,75,1,12,true,0.01,382.95667916460314,382.7577537897123
465,,80,1,12,true,0.01,382.8899085122843,382.92835217202753
466,,75,1,12,true,0.01,382.9061768997547,382.91077331130964
467,,5,1,10,false,0.01,385.1956150560642,384.70675703322763
468,,75,1,12,true,0.01,382.90239542154825,382.8625146613861
469,,75,1,12,true,0.01,382.87596436004753,382.8083322170041
470,,75,1,12,true,0.01,382.9170134559397,382.7757173131724
471,,75,1,12,true,0.01,382.9093829853948,382.75410501154545
472,,80,1,12,true,0.01,382.8994021347744,382.8819694850116
473,,75,1,12,true,0.01,382.8814090806027,382.8686468405802
474,,75,1,12,true,0.01,382.8807309401813,382.82714237518456
475,,85,1,12,true,0.01,382.98120458306715,382.9517904960316
476,,75,1,12,true,0.01,382.9009199779193,382.95069739581766
477,,75,1,12,true,0.01,382.91145060282406,382.78319779840245
478,,75,1,12,true,0.01,382.9047368958939,382.8368442575865
479,,80,1,12,true,0.01,382.9326943170729,382.81384365629896
480,,75,1,12,true,0.01,382.85286227868005,382.83624650151427
481,,75,1,12,true,0.01,382.8976933106568,383.00754078466844
482,,70,1,12,true,0.01,382.8825440002579,382.96021587846366
483,,80,1,12,true,0.01,382.9515769826856,382.9730519779393
484,,75,1,12,true,0.01,382.9131097242694,382.8999640557667
485,,75,1,12,true,0.01,382.89585419731395,382.8433053321066
486,,45,1,14,true,0.01,383.01227648155236,382.8348421926324
487,,75,1,12,true,0.01,382.8927963726161,382.85671608611267
488,,80,1,12,true,0.01,382.9435614366238,382.9483934216697
489,,80,1,12,true,0.01,382.8934669580481,382.9124922720193
490,,75,1,12,true,0.01,382.8535478367273,382.9488807317721
491,,75,1,12,true,0.01,382.8922274361315,382.852325557168
492,,75,1,12,true,0.01,382.85711184571045,382.9298774917882
493,,70,1,12,true,0.01,382.8429512086884,382.8039675264717
494,,75,1,12,true,0.01,382.8728977669833,382.7656869180177
495,,80,1,12,true,0.01,382.96856643665313,382.8644714355469
496,,75,1,12,true,0.01,382.8737109356685,382.86304696799476
497,,75,1,12,true,0.01,382.8728079541858,382.87546317855555
498,,80,1,12,true,0.01,382.94402176441326,382.86581794643126
499,,5,3.200000000000002,14,true,0.01,385.2013007349912,384.69010947364507
500,,75,1,12,true,0.01,382.8837026151069,382.95280269670627
501,,75,1,12,true,0.01,382.91699697232656,382.9858953463077
502,,80,1,12,true,0.01,382.8735879267058,382.8124678932712
503,,75,1,12,true,0.01,382.88388485060716,382.9986286218509
504,,75,1,12,true,0.01,382.9183285048557,382.9529286516092
505,,80,1,12,true,0.01,382.9319541570573,382.8178592339776
506,,75,1,12,true,0.01,382.8815025106374,382.87660071613016
507,,75,1,12,true,0.01,382.8786575076997,382.9264582870322
508,,75,1,12,true,0.01,382.9547246201809,382.76951165047535
509,,75,1,12,true,0.01,382.85942889225726,382.895257256415
510,,75,1,12,true,0.01,382.89826110244604,382.7213065313856
511,,75,1,12,true,0.01,382.88750701011435,382.879626458958
512,,75,1,12,true,0.01,382.9164172070239,382.97518558925236
513,,80,1,12,true,0.01,382.9332903828374,382.8732684438001
514,,75,1,12,true,0.01,382.91376194878796,382.81551797364693
515,,100,1,10,false,0.01,385.94607521378464,385.4243727328117
516,,80,1,12,true,0.01,382.92774426516786,382.9076438028304
517,,75,1,12,true,0.01,382.96402355615584,382.8393872811916
518,,75,1,12,true,0.01,382.88912959288405,382.8711518422847
519,,75,1,12,true,0.01,382.90443437580586,382.8124042095306
520,,75,1,12,true,0.01,382.8868856465825,382.8973530223997
521,,75,1,12,true,0.01,382.8893834568785,382.8968515276564
522,,75,1,12,true,0.01,382.87795088725795,382.7520974434215
523,,75,1,12,true,0.01,382.8869297402476,382.97463447769445
524,,75,1,12,true,0.01,382.95466104380097,382.8285722870491
525,,75,1,12,true,0.01,382.91697362054134,382.88365501470025
526,,80,1,12,true,0.01,382.90123419679384,382.93484897300846
527,,70,1,12,true,0.01,382.86224921556317,382.7901031876714
528,,85,1,12,true,0.01,382.9149123807005,383.12714326393177
529,,75,1,12,true,0.01,382.88608225359565,382.78085733264714
530,,75,1,12,true,0.01,382.90946581555056,382.8369306308669
531,,75,1,12,true,0.01,382.86458678813295,382.8191606600696
532,,75,1,12,true,0.01,382.93032287460295,382.95528453801154
533,,75,1,12,true,0.01,382.9252906335715,382.8576690467827
534,,75,1,12,true,0.01,382.85058610756903,382.8959345583056
535,,70,1,12,true,0.01,382.9012665229906,382.7670511449889
536,,75,1,12,true,0.01,382.9320564241402,382.8426400665607
537,,75,1,12,true,0.01,382.90910894532715,382.971661059123
538,,75,1,12,true,0.01,382.9065612655605,382.9042798063449
539,,75,1,12,true,0.01,382.87688341305295,382.86911322686575
540,,75,1,12,true,0.01,382.8473548059256,382.8365687459506
541,,75,1,12,true,0.01,382.8991604666914,382.9606220241683
542,,100,3.8000000000000025,10,true,0.01,386.37965457332876,385.70742638936497
543,,75,1,12,true,0.01,382.94190153678556,383.006858185609
544,,80,1,12,true,0.01,382.94477414977524,382.8429884436965
545,,75,1,12,true,0.01,382.8947470937559,382.7921422739498
546,,80,1,12,true,0.01,382.9174707846273,382.8376978080551
547,,75,1,12,true,0.01,382.8653566742516,382.8519035199569
548,,75,1,12,true,0.01,382.9164825462347,382.8271858119689
549,,75,1,12,true,0.01,382.94336303802515,382.8736511936758
550,,75,1,12,true,0.01,382.9117945837778,382.9785483497318
551,,75,1,12,true,0.01,382.9191572413977,382.9346927065284
552,,80,1,12,true,0.01,382.905125382603,382.9404996984145
553,,75,1,12,true,0.01,382.9013769860922,382.93189744940145
554,,75,1,12,true,0.01,382.8913464785874,382.8924135890508
555,,75,1,12,true,0.01,382.9295388269675,382.90924469553283
556,,75,1,12,true,0.01,382.8803013360152,382.89995964145936
557,,80,1,12,true,0.01,382.9516474730255,382.74844492780784
558,,75,1,12,true,0.01,382.9156863648285,382.9659747543997
559,,70,1,12,true,0.01,382.88002180140984,382.8168051856693
560,,75,1,12,true,0.01,382.88560722791783,382.9053737599916
561,,75,1,12,true,0.01,382.8532261315451,382.68574198738474
562,,75,1,12,true,0.01,382.93384764342943,382.9090192127136
563,,75,1,12,true,0.01,382.9277108400635,382.89153620132254
564,,75,1,12,true,0.01,382.84781142490215,382.7700221504057
565,,75,1,12,true,0.01,382.95474119536965,382.9291886832698
566,,75,1,12,true,0.01,382.86747951178467,382.82222398336734
567,,75,1,12,true,0.01,382.9385501206234,382.9056020385389
568,,80,1,12,true,0.01,382.9393273687685,382.8457512409501
569,,80,1,12,true,0.01,382.9344177246094,382.9328815162239
570,,75,1,12,true,0.01,382.90465253184635,382.8091570744749
571,,75,1,12,true,0.01,382.9401826851366,382.9666533511538
572,,85,1,12,true,0.01,382.9646224574943,382.9371688092341
573,,75,1,12,true,0.01,382.8996016322806,383.00575890536476
574,,75,1,12,true,0.01,382.91031776651437,382.86079255180397
575,,75,1,12,true,0.01,382.86331703317677,382.8384214013154
576,,75,1,12,true,0.01,382.9044503328591,382.8214589250467
577,,75,1,12,true,0.01,382.88581235732516,382.8878467526707
578,,75,1,12,true,0.01,382.89774571481007,382.90649584749053
579,,5,1,14,false,0.01,385.18889786271905,384.7151507209329
580,,75,1,12,true,0.01,382.80837243460036,382.9539563906457
581,,75,1,12,true,0.01,382.867537652497,382.9006204926979
582,,5,5.0000000000000036,14,false,0.01,385.10863137646334,384.6697531601732
583,,75,1,12,true,0.01,382.83146714412976,382.70497009218485
584,,80,1,12,true,0.01,382.91222606524434,383.01221515357554
585,,75,1,12,true,0.01,382.8887178688593,382.9389035437353
586,,75,1,12,true,0.01,382.8334353856496,382.8411146585139
587,,75,1,12,true,0.01,382.858927378329,382.9326827252497
588,,75,1,12,true,0.01,382.93132020187664,382.91356362441235
589,,75,1,12,true,0.01,382.90927444538136,382.74115693580677
590,,75,1,12,true,0.01,382.8670073151397,382.71136630581566
591,,75,1,12,true,0.01,382.90712891998635,382.8853070250817
592,,75,1,12,true,0.01,382.88385625611727,382.92283090354164
593,,75,1,12,true,0.01,382.89592370321583,382.80861493867525
594,,75,1,12,true,0.01,382.92443481353735,382.93642729388597
595,,75,1,12,true,0.01,382.9306429314238,382.8217042133916
596,,75,1,12,true,0.01,382.8684035785558,382.8899083813453
597,,70,1,12,true,0.01,382.88151814717594,382.7738830213262
598,,75,1,12,true,0.01,382.87231348831034,382.85119820192904
599,,75,1,12,true,0.01,382.8954867729994,382.81012416092847
600,,75,1,12,true,0.01,382.8866639321748,382.8587368971586
601,,75,1,12,true,0.01,382.9378183855656,382.8252458710335
602,,75,1,12,true,0.01,382.88568495273233,382.782430856644
603,,75,1,12,true,0.01,382.9250333518438,382.8058408407949
604,,75,1,12,true,0.01,382.95165397489507,382.9046719145522
605,,75,1,12,true,0.01,382.9276976531731,382.8332923587516
606,,75,1,12,true,0.01,382.90442235650465,382.894184962303
607,,75,1,12,true,0.01,382.89668430749043,382.8752057361511
608,,75,1,12,true,0.01,382.89377774283656,382.92010780562543
609,,75,1,12,true,0.01,382.90021294538724,382.9903197182754
610,,75,1,12,true,0.01,382.8539248764828,382.9393810540754
611,,75,1,12,true,0.01,382.91224570821663,382.86651049239657
612,,75,1,12,true,0.01,382.85692059001076,382.89394661913497
613,,80,1,12,true,0.01,382.94263405023617,382.8883665815039
614,,75,1,12,true,0.01,382.93603428628154,382.85355647205733
615,,70,1,12,true,0.01,382.87754999205123,382.87938826293356
616,,70,1,12,true,0.01,382.8593940248368,382.8554743708847
617,,80,1,12,true,0.01,382.8900476843454,382.8321153278406
618,,80,1,12,true,0.01,382.904190944892,382.94945244343097
619,,75,1,12,true,0.01,382.91474977509023,382.83744477995793
620,,75,1,12,true,0.01,382.8776042735049,382.94394886160313
621,,70,1,12,true,0.01,382.87164606550806,382.8081818951245
622,,70,1,12,true,0.01,382.85412096279686,382.8018590472818
623,,100,1,12,true,0.01,383.02668893847,383.06348571483056
624,,75,1,12,true,0.01,382.9025619060405,382.8688785622872
625,,80,1,12,true,0.01,382.9157889982139,382.9187822185579
626,,80,1,12,true,0.01,382.91237205968974,382.9609621612637
627,,75,1,12,true,0.01,382.9021323018743,382.81867023052337
628,,75,1,12,true,0.01,382.9024975741616,382.82329398203956
629,,75,1,12,true,0.01,382.8685591197604,382.90296949278076
630,,75,1,12,true,0.01,382.8825359187087,382.85087436834203
631,,75,1,12,true,0.01,382.9100287538315,382.9031553645488
632,,80,1,12,true,0.01,382.96056824417286,382.9068438714817
633,,70,1,12,true,0.01,382.8412060519402,382.5920468425107
634,,75,1,12,true,0.01,382.88585750410994,382.83670747291615
635,,75,1,12,true,0.01,382.92484930772486,382.8712833592149
636,,80,1,12,true,0.01,382.93389498802924,382.78526810854817
637,,75,1,12,true,0.01,382.8666179911677,382.89328659190045
638,,75,1,12,true,0.01,382.91957974845275,382.842063469735
639,,75,1,12,true,0.01,382.8686799538019,382.8929967190513
640,,5,1,12,true,0.01,384.69526893943595,384.32345110195234
641,,80,1,12,true,0.01,382.91870980287797,382.9998698367907
642,,75,1,12,true,0.01,382.91289017170067,382.92286527628147
643,,80,1,12,true,0.01,382.8853632213857,382.79604675822685
644,,80,1,12,true,0.01,382.956099284831,382.9193446601713
645,,100,1,14,false,0.01,387.3583820160275,386.91978514918713
646,,75,1,12,true,0.01,382.93429109840935,382.91984315318564
647,,75,1,12,true,0.01,382.89108754849843,382.9366854720083
648,,75,1,12,true,0.01,382.8717192344351,382.8390170090914
649,,70,1,12,true,0.01,382.8788194134105,382.7889699466893
650,,75,1,12,true,0.01,382.8840174063291,382.8516317163392
651,,75,1,12,true,0.01,382.9012155382596,382.9403120903523
652,,75,1,12,true,0.01,382.9264459974857,382.92437370395936
653,,75,1,12,true,0.01,382.89498734241664,382.8252222397748
654,,70,1,10,true,0.01,382.8689128764125,382.8070986535303
655,,75,1,12,true,0.01,382.9109430677982,382.8385378507432
656,,75,1,12,true,0.01,382.8906560899258,382.8891154246022
657,,75,1,12,true,0.01,382.9020584003423,382.84280062963325
658,,5,1,10,false,0.01,385.11646396750206,384.68480871452545
659,,70,1,12,true,0.01,382.82692277552854,382.82226930358945
660,,75,1,12,true,0.01,382.8843865018989,382.76938390042073
661,,75,1,12,true,0.01,382.8949147916251,382.8730090591004
662,,75,1,12,true,0.01,382.89923549002486,382.76157590301426
663,,25,1.2000000000000002,12,true,0.01,383.11125478927454,383.0079613798724
664,,75,1,12,true,0.01,382.88218534430973,382.8217325238161
665,,75,1,12,true,0.01,382.9195986359261,382.81160757419804
666,,80,1,12,true,0.01,382.92067458087666,382.9925021518277
667,,75,1,12,true,0.01,382.9161896644816,382.8685672359044
668,,5,5.0000000000000036,10,false,0.01,385.1212214849192,384.6764348912032
669,,80,1,12,true,0.01,382.9273775047766,382.9512415327699
670,,75,1,12,true,0.01,382.9014173938382,382.8167156046589
671,,75,1,12,true,0.01,382.9311016337458,382.88982936524377
672,,75,1,12,true,0.01,382.92281188735905,382.7765056496071
673,,75,1,12,true,0.01,382.8706301712757,382.9196022497194
674,,80,1,12,true,0.01,382.8774234378035,382.9998468823925
675,,75,1,12,true,0.01,382.8813729311234,382.7779976854904
676,,75,1,12,true,0.01,382.91684960424675,382.848116691685
677,,5,1,10,true,0.01,384.3206468295366,383.53111315647226
678,,70,1,12,true,0.01,382.8525840719213,382.8278697647492
679,,80,1,12,true,0.01,382.9221159125841,382.95914752779953
680,,75,1,12,true,0.01,382.8932569522386,382.976018951622
681,,80,1,12,true,0.01,382.94521655163544,382.8472300927687
682,,85,1,12,true,0.01,382.94835113960374,382.96082623002616
683,,5,1,14,true,0.01,382.8033419760231,382.55257610736726
684,,75,1,12,true,0.01,382.8471166863982,382.77982538530426
685,,80,1,12,true,0.01,382.8972753365954,382.8845938495868
686,,85,1,12,true,0.01,382.9401664075687,382.950911901726
687,,75,1,12,true,0.01,382.91531053845006,382.91649369448567
688,,75,1,12,true,0.01,382.87819800409085,382.86548522537214
689,,75,1,12,true,0.01,382.88585958745546,382.8880482805155
690,,80,1,12,true,0.01,382.91263769769347,382.85006137064363
691,,80,1,12,true,0.01,382.9069134883208,382.84051946273996
692,,80,1,12,true,0.01,382.943246782765,382.84976275746595
693,,75,1,12,true,0.01,382.8713843194685,382.781027695482
694,,80,1,12,true,0.01,382.91461758567084,382.95652331036797
695,,80,1,12,true,0.01,382.938491832736,382.87954623627917
696,,75,1,12,true,0.01,382.8802467111529,382.8677233380545
697,,75,1,12,true,0.01,382.9181427894816,382.9575777118208
698,,75,1,12,true,0.01,382.93053846652583,382.868432628959
699,,75,1,12,true,0.01,382.91629229786696,382.9082240488168
700,,75,1,12,true,0.01,382.92526231380845,382.7685297025204
701,,75,1,12,true,0.01,382.88361857157406,382.8762508381298
702,,5,1,14,true,0.01,382.96641863167906,382.6204728629573
703,,75,1,12,true,0.01,382.8923713014435,382.8796100965921
704,,80,1,12,true,0.01,382.93299328860536,382.87427590645154
705,,70,1,12,true,0.01,382.86436939740304,382.8958803506114
706,,75,1,12,true,0.01,382.88439275193554,382.87302403831666
707,,75,1,12,true,0.01,382.89553443811394,382.85138745799935
708,,75,1,12,true,0.01,382.92351937776925,382.9354775998034
709,,75,1,12,true,0.01,382.92072469563925,382.81605345855684
710,,5,5.0000000000000036,10,false,0.00001,406.5546012553815,406.37881925871653
711,,75,1,12,true,0.01,382.924483440196,382.90505949073724
712,,75,1,12,true,0.01,382.88914275688063,382.75274399230426
713,,80,1,12,true,0.01,382.91430542724794,382.9405389268925
714,,85,1,12,true,0.01,382.9176168706483,382.76950108556645
715,,75,1,12,true,0.01,382.9657426334733,382.9544070031397
716,,75,1,12,true,0.01,382.90127407797996,382.9370166627742
717,,75,1,12,true,0.01,382.88119051247185,382.8167001840119
718,,75,1,12,true,0.01,382.9118726520009,382.95978515978146
719,,5,1,14,true,0.01,382.9586021448687,382.58177360159453
720,,75,1,12,true,0.01,382.8983888504475,382.96932021079436
721,,75,1,12,true,0.01,382.9066546727014,382.84433672030383
722,,75,1,12,true,0.01,382.9035582488762,382.94618753343104
723,,75,1,12,true,0.01,382.90973580339664,382.8198316936438
724,,75,1,12,true,0.01,382.88355852739693,382.78975363338697
725,,75,1,12,true,0.01,382.8830491510468,382.9514929422877
726,,80,1,12,true,0.01,382.93640290107925,382.94156089790073
727,,80,1,12,true,0.01,382.91179453799,382.848604972935
728,,75,1,12,true,0.01,382.91518024922493,382.82612843821573
729,,80,1,12,true,0.01,382.8654009281739,382.9741735062926
730,,75,1,12,true,0.01,382.90757248943584,383.0029488455939
731,,80,1,12,true,0.01,382.8897067253874,382.96200273122025
732,,70,1,12,true,0.01,382.8875625965207,382.8614960452515
733,,80,1,12,true,0.01,382.92513802278694,382.7985362215695
734,,50,1,12,true,0.01,382.66869040846814,382.77182230494174
735,,80,1,12,true,0.01,382.8940538629792,382.80046533273753
736,,80,1,12,true,0.01,382.9372782496161,382.90754250919116
737,,75,1,12,true,0.01,382.85072247676175,382.7039320530979
738,,75,1,12,true,0.01,382.8482090004923,382.84619431969287
739,,75,1,12,true,0.01,382.86663992353067,382.7634331786874
740,,75,1,12,true,0.01,382.91256283461735,382.8581499708538
741,,75,1,12,true,0.01,382.89168526262426,382.8245801051994
742,,75,1,12,true,0.01,382.929986837835,382.82535243241284
743,,75,1,12,true,0.01,382.91863042970215,382.89727786145994
744,,80,1,12,true,0.01,382.9426756942531,382.7467571321081
745,,75,1,12,true,0.01,382.8929664285578,382.8859369173114
746,,75,1,12,true,0.01,382.90819057913893,382.68991536183665
747,,75,1,12,true,0.01,382.83054033008983,382.8961279049674
748,,5,1,14,true,0.01,383.0366836104691,382.66485460331035
749,,70,1,12,true,0.01,382.8443043530658,382.7981639188879
750,,80,1,12,true,0.01,382.94179860577935,382.81381728816973
751,,75,1,12,true,0.01,382.8824044847882,382.8960328502158
752,,80,1,12,true,0.01,382.9362000610626,382.86186490477337
753,,80,1,12,true,0.01,382.9553373756037,382.7950872349532
754,,5,1,14,true,0.01,382.8363739069271,382.69875495344144
755,,75,1,12,true,0.01,382.92023442261933,382.96950399312357
756,,75,1,12,true,0.01,382.87884709214416,382.76326022612557
757,,80,1,12,true,0.01,382.8976769415132,382.9442110420308
758,,65,1,12,true,0.01,382.868389417039,382.82166327804816
759,,75,1,12,true,0.01,382.8639298343873,382.74833030296037
760,,80,1,12,true,0.01,382.89770535285186,382.8187033378285
761,,80,1,12,true,0.01,382.90514518583257,382.8959031872947
762,,80,1,12,true,0.01,382.89034988391876,382.8936625731716
763,,75,1,12,true,0.01,382.9672780362449,383.0002170073492
764,,75,1,12,true,0.01,382.9129590365731,382.8781685309562
765,,75,1,12,true,0.01,382.91151607939827,382.84115368099083
766,,75,1,12,true,0.01,382.8662337856193,382.85966513770757
767,,70,1,12,true,0.01,382.8698076618764,382.8204106447667
768,,75,1,12,true,0.01,382.9034608353016,382.8513579115688
769,,70,1,12,true,0.01,382.86605367925233,382.8327125247672
770,,75,1,12,true,0.01,382.8946148814425,382.8531695138753
771,,75,1,12,true,0.01,382.8691846728772,382.8041051940035
772,,75,1,12,true,0.01,382.9180502752031,383.0483593255598
773,,80,1,12,true,0.01,382.94247686067024,382.8265531240112
774,,75,1,12,true,0.01,382.8999411489225,383.03974256818987
775,,75,1,12,true,0.01,382.91442772649947,382.95612949529516
776,,75,1,12,true,0.01,382.91635218832783,382.88755134722305
777,,80,1,12,true,0.01,382.9429236581606,382.84106242254364
778,,80,1,12,true,0.01,382.9265289192171,382.9288360095415
779,,75,1,12,true,0.01,382.87637825899344,382.7785447653142
780,,75,1,12,true,0.01,382.86091866747205,382.8959257885483
781,,80,1,12,true,0.01,382.8956461832743,382.76137390431006
782,,75,1,12,true,0.01,382.90059035144526,382.8272701252392
783,,75,1,12,true,0.01,382.8282095995277,382.9969751694623
784,,75,1,12,true,0.01,382.9023405219591,382.9102854714904
785,,70,1,12,true,0.01,382.9051037707547,382.8018784408054
786,,75,1,12,true,0.01,382.86649440985735,382.851853108567
787,,85,1,12,true,0.01,382.96952113547184,382.82928613940453
788,,75,1,12,true,0.01,382.8676392196804,382.86817144910765
789,,75,1,12,true,0.01,382.9112866595555,382.8267588601623
790,,75,1,12,true,0.01,382.9124001963015,382.82029849193134
791,,75,1,12,true,0.01,382.8957751446529,382.9531312388877
792,,80,1,12,true,0.01,382.9389459104888,382.8513750979388
793,,100,1,12,true,0.01,383.06158964667924,382.8504163398117
794,,80,1,12,true,0.01,382.89652821683205,383.00088963007397
795,,75,1,12,true,0.01,382.8985372029653,382.81871146015396
796,,75,1,12,true,0.01,382.9103615854525,382.87256186033744
797,,75,1,12,true,0.01,382.94572777258037,382.7857208987671
798,,80,1,12,true,0.01,382.93678761029366,382.82184797266757
799,,75,1,12,true,0.01,382.93732529659513,382.8388472348308
800,,80,1,12,true,0.01,382.95805941536656,382.95103441346924
801,,75,1,12,true,0.01,382.887570907009,382.850373462173
802,,75,1,12,true,0.01,382.89340335877426,382.7988195023863
803,,20,1,14,true,0.01,382.71224093189346,382.52686815252645
804,,75,1,12,true,0.01,382.91588137512895,382.9520765725764
805,,75,1,12,true,0.01,382.9231884463425,382.9805100973455
806,,80,1,12,true,0.01,382.9541641544419,382.8513840148396
807,,70,1,12,true,0.01,382.9061936123069,382.85393436619495
808,,75,1,12,true,0.01,382.86119979156865,382.8036535515045
809,,75,1,12,true,0.01,382.9063131871835,382.8024445021509
810,,75,1,12,true,0.01,382.91834217251824,382.8504945319092
811,,75,1,12,true,0.01,382.8664184478737,382.8935309973839
812,,75,1,12,true,0.01,382.93506836944835,382.87027545513274
813,,60,1,12,true,0.01,382.96530552991726,382.81182931957045
814,,75,1,12,true,0.01,382.9279881768538,382.80550517686424
815,,75,1,12,true,0.01,382.91915614249024,382.7871966311419
816,,75,1,12,true,0.01,382.889270779609,382.7409718880428
817,,80,1,12,true,0.01,382.9178952147705,382.9813727118585
818,,75,1,12,true,0.01,382.86794178555624,382.83396371604164
819,,75,1,12,true,0.01,382.9249144179966,382.94050075784827
820,,75,1,12,true,0.01,382.9137501355319,382.76210161759053
821,,75,1,12,true,0.01,382.9267179313139,382.73019276750466
822,,75,1,12,true,0.01,382.88050110824827,382.75083559895205
823,,80,1,12,true,0.01,382.9128702768954,382.914869435383
824,,75,1,12,true,0.01,382.87449212156554,382.8224858400792
825,,100,1,10,true,0.01,384.9738127487979,384.57502589138403
826,,75,1,12,true,0.01,382.9375378436284,382.9061147456229
827,,75,1,12,true,0.01,382.8829086086219,382.8049945886478
828,,75,1,12,true,0.01,382.93010927444993,382.80712752310035
829,,75,1,12,true,0.01,382.9283681699233,382.8874461984221
830,,75,1,12,true,0.01,382.8825104835779,382.83978954230577
831,,75,1,12,true,0.01,382.8432550369997,382.8566827139491
832,,75,1,12,true,0.01,382.90728537694724,382.84582925647527
833,,75,1,12,true,0.01,382.84567354280153,382.9874469459114
834,,70,1,12,true,0.01,382.8616445645835,382.8397546104203
835,,5,3.9000000000000026,10,false,0.01,385.2026520805616,384.7275162846741
836,,75,1,12,true,0.01,382.92563127201475,382.82502409623237
837,,80,1,12,true,0.01,382.8990126407334,382.8352898622548
838,,85,1,14,true,0.00001,459.86431150852377,433.01706777221324
839,,5,5.0000000000000036,14,true,0.01,385.11748172595253,384.669916489545
840,,75,1,12,true,0.01,382.9343840476721,382.9497551472001
841,,5,1,14,true,0.01,382.8710907934154,382.53604620378985
842,,100,5.0000000000000036,10,false,0.01,385.7159732765048,385.2677519604233
843,,75,1,12,true,0.01,382.9013852278988,382.9234692712414
844,,80,1,12,true,0.01,382.92896020636016,382.99402576472283
845,,75,1,12,true,0.01,382.8856846551115,382.7578809511926
846,,80,1,12,true,0.01,382.94048252663754,383.00968089972764
847,,75,1,12,true,0.01,382.87862149558384,382.81620575216033
848,,80,1,12,true,0.01,382.9430305727067,382.8752471717827
849,,75,1,12,true,0.01,382.867476237956,382.97702470740796
850,,80,1,12,true,0.01,382.9547291073867,382.8617829458003
851,,75,1,12,true,0.01,382.9245367601056,382.8014667625023
852,,70,1,12,true,0.01,382.82285182349057,382.82405783378283
853,,70,1,12,true,0.01,382.8735805319738,382.82363856287105
854,,75,1,12,true,0.01,382.89878148095374,382.8221227485855
855,,75,1,12,true,0.01,382.89732000260807,382.8255246786855
856,,75,1,12,true,0.01,382.87010211349747,382.7976947074456
857,,75,1,12,true,0.01,382.89426142241126,382.74415857651655
858,,80,1,12,true,0.01,382.89715029007493,382.9176484772876
859,,80,1,12,true,0.01,382.9235717590286,382.8695442104064
860,,75,1,12,true,0.01,382.8893197496762,382.93701171875
861,,75,1,12,true,0.01,382.883259892732,382.90516343296093
862,,75,1,12,true,0.01,382.92638436708785,382.8581070637864
863,,100,5.0000000000000036,14,false,0.01,385.7564962638713,385.23295577075925
864,,75,1,12,true,0.01,382.93478226429164,382.97358304854185
865,,80,1,12,true,0.01,382.9425728777165,382.93419009349384
866,,75,1,12,true,0.01,382.9133306962605,382.9162271586081
867,,35,1.1,12,true,0.01,383.21526110919643,382.9785346359503
868,,75,1,12,true,0.01,382.8974192705891,382.7443084275366
869,,45,3.200000000000002,12,false,0.01,385.5135350086824,384.9554572845724
870,,70,1,12,true,0.01,382.87003179322664,382.85454866120534
871,,75,1,12,true,0.01,382.89556525331284,382.9973230757387
872,,75,1,12,true,0.01,382.8753879372553,382.774195583715
873,,70,1,12,true,0.01,382.85539974776407,382.7833541531687
874,,75,1,12,true,0.01,382.8873825751883,382.7870781511327
875,,75,1,12,true,0.01,382.90615336481824,382.9022294194397
876,,75,1,12,true,0.01,382.93780297796616,382.7793175928158
877,,75,1,12,true,0.01,382.9284150337511,382.7177069874601
878,,75,1,12,true,0.01,382.9168062660807,382.79843713508393
879,,70,1,12,true,0.01,382.8981671229575,382.7501403161162
880,,75,1,12,true,0.01,382.90504600942717,382.8554087742775
881,,80,1,12,true,0.01,382.90722278500533,382.9152835856983
882,,75,1,12,true,0.01,382.8720068276957,382.99242384201534
883,,75,1,12,true,0.01,382.89147351687774,382.9493063592865
884,,75,1,12,true,0.01,382.87418229832116,382.87752045178024
885,,75,1,12,true,0.01,382.8837096893242,382.8062821538147
886,,75,1,12,true,0.01,382.8741106174981,382.68607888732146
887,,80,1,12,true,0.01,382.9330141220608,383.0292222437771
888,,75,1,12,true,0.01,382.98132823305923,382.76585625084755
889,,75,1,12,true,0.01,382.89805416442,382.91188795334347
890,,75,1,12,true,0.01,382.90569168628826,382.88574398265166
891,,75,1,12,true,0.01,382.9067259414341,382.8847841650909
892,,75,1,12,true,0.01,382.9116350132455,382.92197641135414
893,,75,1,12,true,0.01,382.9532351883747,382.8549731409998
894,,80,1,12,true,0.01,382.92548784168696,383.0533332493634
895,,80,1,12,true,0.01,382.91025805920475,382.8613844515617
896,,75,1,12,true,0.01,382.8778904015555,382.80167008549864
897,,75,1,12,true,0.01,382.90169278464634,382.8368574416511
898,,75,1,12,true,0.01,382.92904127368513,382.824755882918
899,,75,1,12,true,0.01,382.9185322377347,382.8591250324893
900,,80,1,12,true,0.01,382.8820941578779,382.7583317696876
901,,75,1,12,true,0.01,382.8785277221405,382.7603547584585
902,,75,1,12,true,0.01,382.8470708070084,382.85039267912435
903,,75,1,12,true,0.01,382.8836370927449,382.8972892503729
904,,75,1,12,true,0.01,382.90131237948646,382.83930249706185
905,,75,1,12,true,0.01,382.84266034159907,382.91641520810106
906,,75,1,12,true,0.01,382.89556852714156,382.89636465898474
907,,75,1,12,true,0.01,382.86064382611767,382.77442489226735
908,,75,1,12,true,0.01,382.8958446047669,382.8047774635837
909,,80,1,12,true,0.01,382.9231381942165,382.78926685300144
910,,75,1,12,true,0.01,382.8396894679602,382.8833343299858
911,,75,1,12,true,0.01,382.88977101147844,382.84509998347283
912,,80,1,12,true,0.01,382.94612397453614,382.70347779144316
913,,75,1,12,true,0.01,382.8526066224198,382.8842844949279
914,,75,1,12,true,0.01,382.89106715002725,382.89621816283824
915,,80,1,12,true,0.01,382.86890081132344,382.963659891627
916,,80,1,12,true,0.01,382.90079486271713,382.73109831851383
917,,75,1,12,true,0.01,382.9138944358282,382.8588424873904
918,,70,1,12,true,0.01,382.89242134752436,382.9345612778843
919,,75,1,12,true,0.01,382.89992420743124,382.96022979824613
920,,75,1,12,true,0.01,382.92701124805126,382.80692873212615
921,,75,1,12,true,0.01,382.8663210342991,382.9165934578317
922,,75,1,12,true,0.01,382.83730462928406,382.86035874310664
923,,75,1,12,true,0.01,382.8963464392099,382.8179838351596
924,,75,1,12,true,0.01,382.8658914988146,382.8511823987087
925,,85,1,12,true,0.01,382.9541551571364,383.0839098320633
926,,75,1,12,true,0.01,382.9036981535423,382.86725492118757
927,,75,1,12,true,0.01,382.9332068429705,382.938701868747
928,,80,1,12,true,0.01,382.8947007793819,382.82930671007676
929,,75,1,12,true,0.01,382.9084766156139,382.81213964537693
930,,75,1,12,true,0.01,382.8927715785147,382.9629559567487
931,,75,1,12,true,0.01,382.9434215090638,382.8313869376996
932,,90,1,12,true,0.01,382.9712672079763,383.0342340423378
933,,75,1,12,true,0.01,382.9113924065123,382.81620283871746
934,,75,1,12,true,0.01,382.92874818588683,382.986599487187
935,,75,1,12,true,0.01,382.93007488780154,382.8570866230714
936,,80,1,12,true,0.01,382.9698414899135,382.74795008395427
937,,75,1,12,true,0.01,382.9200044762167,382.924563754605
938,,75,1,12,true,0.01,382.8368828581047,382.86402809194567
939,,75,1,12,true,0.01,382.88187696338144,382.744648358631
940,,75,1,12,true,0.01,382.88692909921815,382.8301620851257
941,,100,5.0000000000000036,12,true,0.01,385.7559266013228,385.3239815839806
942,,80,1,12,true,0.01,382.94773007369275,382.8734057581873
943,,80,1,12,true,0.01,382.9189270660561,382.9536586014721
944,,75,1,12,true,0.01,382.9371976172754,382.8276107626228
945,,80,1,12,true,0.01,382.9339375935903,382.95225255629595
946,,75,1,12,true,0.01,382.9099628193792,382.873247961414
947,,75,1,12,true,0.01,382.9259154540832,382.8713020758781
948,,75,1,12,true,0.01,382.89457864038764,382.8116912400366
949,,75,1,12,true,0.01,382.901929370282,382.9713932283819
950,,65,2.200000000000001,10,false,0.01,386.633387421606,385.9043547907124
951,,75,1,12,true,0.01,382.9053754527499,382.94401896080376
952,,75,1,12,true,0.01,382.899417748419,382.7794848067781
953,,5,5.0000000000000036,10,true,0.01,385.11480104893866,384.68134298296997
954,,80,1,12,true,0.01,382.9379357626272,382.8471322717179
955,,75,1,12,true,0.01,382.8759079265666,382.8104864872755
956,,75,1,12,true,0.01,382.8826898344459,382.86578286740223
957,,80,1,12,true,0.01,382.93266659255147,382.8693581620661
958,,75,1,12,true,0.01,382.86780471973464,382.86879951675695
959,,75,1,12,true,0.01,382.8881729480832,382.78350624077115
960,,5,2.100000000000001,10,true,0.01,385.1251727770461,384.64895968313044
961,,75,1,12,true,0.01,382.9194589144112,382.91323163907117
962,,75,1,12,true,0.01,382.878558628915,382.84846439196036
963,,75,1,12,true,0.01,382.9019791187421,382.860929777905
964,,85,1,12,true,0.01,382.9574404099072,382.81091187936016
965,,75,1,12,true,0.01,382.8984596841959,382.96752900258787
966,,75,1,12,true,0.01,382.8934336474133,382.86048746430885
967,,75,1,12,true,0.01,382.9265997071778,382.85075830148753
968,,75,1,12,true,0.01,382.8906954445521,382.8380155204692
969,,75,1,12,true,0.01,382.8767467593217,382.8414825174595
970,,75,1,12,true,0.01,382.92670980397685,382.8751236300344
971,,75,1,12,true,0.01,382.9442944766343,382.9556779116536
972,,80,1,12,true,0.01,382.95589768108533,382.91009553855963
973,,75,1,12,true,0.01,382.9381434103643,382.9147810609499
974,,75,1,12,true,0.01,382.90631032544513,382.80616691096424
975,,80,1,12,true,0.01,382.90110253393425,382.92264847493334
976,,80,1,12,true,0.01,382.96227514520234,383.0093858474246
977,,75,1,12,true,0.01,382.8969405818862,382.9712792509662
978,,75,1,12,true,0.01,382.9213358942763,382.8414962900984
979,,75,1,12,true,0.01,382.90164070100775,382.94324095384826
980,,75,1,12,true,0.01,382.8765017258343,382.7690294315408
981,,75,1,12,true,0.01,382.8979059034778,382.8844400256901
982,,80,1,12,true,0.01,382.93399029536437,382.89614532676705
983,,75,1,12,true,0.01,382.86250821433384,382.8185033991344
984,,80,1,12,true,0.01,382.9580957937849,382.9371037423438
985,,75,1,12,true,0.01,382.9516433292283,383.0210224030218
986,,75,1,12,true,0.01,382.91893022541524,382.88694323224297
987,,80,1,12,true,0.01,382.9438525326522,382.80417129089886
988,,75,1,12,true,0.01,382.8457368477251,382.9575219738334
989,,75,1,12,true,0.01,382.93460547754125,382.93495730011074
990,,75,1,12,true,0.01,382.8986609674269,382.87243770058615
991,,80,1,12,true,0.01,382.9080066723834,382.86320176303906
992,,75,1,12,true,0.01,382.91428729527354,382.88990658619366
993,,75,1,12,true,0.01,382.9084236391129,382.9003991004701
994,,75,1,12,true,0.01,382.89559309230384,383.020295131172
995,,75,1,12,true,0.01,382.91779693122743,382.8729131803448
996,,80,1,12,true,0.01,382.93187292947505,382.92524447022663
997,,75,1,12,true,0.01,382.91529858783053,382.87946913304415
998,,80,1,12,true,0.01,382.910429214054,382.8741588684494
999,,75,1,12,true,0.01,382.9022460159107,382.87788748672176