	VAE Unshuffled	VAE Shuffled	PCA Unshuffled	PCA Shuffled	Complete Unshuffled	Complete Shuffled
0	22.377059945302054	90.73176361194498	9.62768427433866	84.58675609030549	11.148804941997163	84.61003889054595
1	5.490916757612387	90.67099373151228	4.775624075652521	85.80873773754094	5.1458442427745785	85.84396027915466
2	9.339867499554044	90.93600196968296	6.7378371563754875	85.3247686142564	7.401355985960791	85.35525639732307
3	6.411816091419139	90.70910802622336	5.990356786660718	85.0920104939942	6.6514995550418785	85.11695476528291
4	14.885246313126329	90.757303701694	18.29292029230471	84.30707974299942	19.65836757177281	84.33501593797406
5	8.091827979348633	90.35713133585267	8.108282690553157	81.43300941614304	8.429565836882604	81.46914755553215
6	11.214801207866527	90.3988691482841	12.328490525227968	82.59982728760816	12.507290770034277	82.63184578836247
7	13.284357497671845	90.49670873342812	15.111957063548603	83.52911661010177	15.220290412699987	83.55331268213506
8	11.845610664094604	90.72497826721862	14.258925483739787	83.84343834793933	15.69542001008956	83.87410987328754
9	10.852050478822909	90.94651594068462	12.682837083559921	87.00036732911815	14.175683399383152	87.029380701089
10	8.733383211101604	5.5110988035671795	13.47551926309926	7.046139691870608	14.28914120525585	7.243834036611953
11	9.622124514361456	5.1672580239757995	9.94520516485324	5.761299143461645	10.529659130610993	5.957396390432581
12	20.80160333858126	5.003864690375383	21.026068093819415	6.487103528669299	22.380228708353346	6.666536958142227
13	24.076433893198693	5.207667344795504	18.184414910656535	6.255668828222185	18.404312727108543	6.494152072085035
14	10.993122694567848	5.148740757345105	11.106278779714765	5.459918775181852	12.072076170339155	5.704769943255533
15	20.99488865289233	5.097430668017207	21.59745426370914	4.352638227277902	22.386787093033917	4.640652031089048
16	8.741265237291772	5.702181958734022	7.7916964424065105	5.943282139037167	7.986038908182931	6.144747369737338
17	12.246657802649715	5.421544437105152	12.915925079314755	5.163487805604972	14.704582725193395	5.395217594356368
18	17.622393257963054	4.853737534028577	16.76566333418629	6.551189633651373	17.380462894661292	6.741733472573731
19	12.035246212003985	5.179279598091164	11.435803643627034	6.999058228636182	14.313906002196804	7.18779909101069
20	24.242465611735934	22.114819472826724	32.62212241843885	19.355157115895427	32.927810501124576	19.42305538319571
21	22.910357237455685	22.806449490927548	19.68157363698227	20.69459466980054	19.91915060861243	20.746375279439032
22	12.24026152096278	22.81969174186363	18.044752083835167	20.622712462178516	20.15172563972174	20.69899887128397
23	10.71701633476209	21.912363055872834	12.542882473882518	19.481099582889826	13.246551911968727	19.53198748413821
24	7.833423059208803	22.42114044035471	8.808590581466168	19.954776147429406	9.468243471708252	20.01461599168837
25	15.728731493478765	22.4988123985918	15.496322220686672	20.00781693412172	16.371759610877938	20.057787276508233
26	17.163110382025106	22.009618763275988	18.2848383394102	19.462489169679383	19.641344844675455	19.52927674620917
27	12.0708760143008	22.637319433733868	14.698140762116854	20.308418554627547	15.542697595605087	20.355607820232816
28	22.922273111400152	22.32636178287293	22.439464399175257	20.247698498635145	22.603733189974076	20.31596169771321
29	23.88312926976058	22.498365542112783	22.260493212567322	20.338476788044396	21.917484658158017	20.4139464838348
30	10.58972429985077	6.347831359515221	10.152755141423901	9.57167289186278	10.421798323726392	9.861678017387833
31	9.304976733871468	6.231864266519611	10.394675279685613	10.381013066291892	11.234252983113635	10.664691056563917
32	17.132322077504288	6.579140270163188	19.799460274679202	8.363964605373555	21.522333940987366	8.734913560362916
33	7.544462595024692	6.262557619004472	8.532028634438333	9.181520482695234	8.845460899829273	9.48921157424941
34	25.97260168894295	6.268498014071174	24.2316268230263	10.295974665015432	24.733858171529256	10.556528444597934
35	14.94650116180975	5.921153243347337	15.719813916031612	7.410699390205325	16.371797318167435	7.817638271797833
36	17.251497912848006	6.352485449163597	18.02621793504993	8.785822962770705	19.808831191368274	9.196996212609651
37	9.74337426985993	6.406937292732073	9.96881405669678	7.480443296276671	10.220552446866721	7.851667076692704
38	17.4395726836354	6.076747949090166	17.415507248276345	10.29847609269097	18.749869396209732	10.617221317316439
39	14.956791058950035	6.364364019869218	21.71045840453278	9.885620162450081	22.472008811804248	10.223546683565072
40	8.118959009548263	7.190443667555286	8.65729891307917	11.14981396104985	9.490090435497397	11.723776231191705
41	11.53793810175364	6.821963178988633	11.68997060970418	6.493679474171034	12.057500169908353	7.30561628267954
42	10.338198094606522	6.750125099956835	10.051101183551117	7.486046171638181	10.948008967922622	8.214487061190486
43	10.611903537859499	6.8451760378745465	11.096039461496959	7.082824738956924	9.32666794537137	7.85142093398894
44	12.40800287196232	7.034168717721263	13.256318535523157	7.825441691471598	14.33411077467278	8.476105132356412
45	18.80352667435268	6.764589054145399	18.09001463225078	9.381728876696085	18.313379484247733	10.114723922553882
46	20.123458901153352	6.839443276549286	18.594721425254477	7.070999754363697	18.385668287607597	7.912630218186495
47	14.514882925456957	6.805518730149599	15.892284104300492	6.260945618694637	17.293366396484164	7.0301370184572525
48	29.960688935141693	7.045858718008459	24.187028913383404	8.631946407552254	25.0661567827146	9.269131568026989
49	8.109164288293947	6.73107954214579	8.263855397112144	7.639539273031016	10.02838263602035	8.34480614209334
50	10.741497188745768	7.8238431760128915	10.997021521505488	11.883884812667702	11.187006115683186	12.008715959934866
51	18.335193289446135	8.002427284128142	33.71214892565181	11.260492976329775	34.95935406853423	11.459307091011503
52	12.043037817704716	7.772092983998298	14.952629029190424	11.247058466998892	17.948126112113375	11.416946311195483
53	17.686296374018536	7.341577406077416	17.74329292128726	11.695466216686055	18.48663854691495	11.857958214571106
54	19.306121009887015	7.737275766398526	25.818620088990194	11.720441535983479	26.47474800204742	11.93412511842699
55	10.651073536853575	7.5538373391797835	10.81274230550027	9.958775643433956	11.20965091696195	10.102024503109407
56	20.604743399284445	7.73517175609449	20.0602457518724	10.626254372567434	20.454874856619494	10.836676455863708
57	22.58062523929881	7.5041203658851865	20.375872763468458	10.243940946130705	19.58064356768863	10.36415657053331
58	7.968646002069435	7.988377850657701	8.76381280280601	11.013425490417331	11.647692136403565	11.197154483427896
59	9.743703133134964	8.098559465670453	9.846819693852213	12.658715934335971	10.08646983933891	12.812658599016494
60	11.562695880253644	10.358787921314025	11.299559441984083	12.100555726421982	12.218945418323065	12.561629409658497
61	15.131519226824869	10.20294935393244	14.784719541992422	10.994721216931751	15.255771507738352	11.540728302642286
62	7.358401726660383	10.273670289100957	7.91157408874556	11.5563299159194	8.68445036245198	12.14419413018804
63	11.610588456873694	10.307159376117765	12.856403837106376	10.223087092353031	14.942658004000661	10.739825632038468
64	10.55778186248037	10.170271705583799	11.466491864349484	10.963575466817755	12.433862303922217	11.44505761541284
65	9.769412925300996	10.132669197591804	11.551311185024005	11.734206521240479	13.326726646265882	12.14821712404862
66	18.226795315055558	10.222258225234441	17.701539910893732	11.149765082406676	19.149757627385007	11.639664481123548
67	31.632267657400284	10.421109067543496	29.225351398089146	10.540823333345585	29.333370409897057	10.950780504503836
68	10.999071356418218	10.07691199234354	10.797911174712628	10.657947577833593	12.229322535528878	11.076475182811619
69	14.551997853521215	10.037192171471144	14.074579955641463	12.731126851894134	16.383890557749485	13.162167983517161
70	11.092658116851103	17.438950635086183	12.513193727140397	15.913847688652533	13.356142037244583	16.051065630481133
71	17.803206238970684	17.20786078135157	17.152665896725292	15.836528935351172	17.489822040693834	15.980218725508848
72	11.849677864827946	17.688092889490687	11.083885612047137	15.848151858396019	12.230257430129296	15.97980245876679
73	16.255672438860866	17.14861866696636	15.07993101340291	15.10774026302385	17.26500083574996	15.235239477492783
74	12.290209018835533	17.408042995333798	12.106155798929697	15.522097367239294	13.176827043738522	15.64985116671527
75	14.288537489547357	17.4695444122722	12.134438775879918	15.845121424996837	12.330173554750871	15.936934326076537
76	11.71167957324962	17.384926499840716	12.853128142270458	15.674613789697549	13.508014277149154	15.785032219583812
77	7.268495398824174	17.282165087657173	7.033002599129934	15.713789648399365	7.436796175686468	15.831669241733998
78	15.759751857972427	17.145917002016258	15.32137300242292	15.834454481291184	16.09460932298587	15.94580990001872
79	10.66331787172779	17.280415785709543	13.725479979473889	16.260585168952506	15.166399431134193	16.328836776185945
80	8.996588887915806	8.608199860498694	9.339428275669153	9.944301973229821	9.636061855754432	10.937891089614784
81	12.80087296558303	8.467219167447025	12.829025694460704	10.450367438237535	13.259116632694258	11.483348173470493
82	55.29552617604096	8.874917888381741	43.59883768114088	9.787761510627202	52.02210668163639	10.891221401991759
83	9.90203251198453	8.67826827960852	9.70080095425115	13.713112028655114	10.323501343161563	14.492121414874463
84	10.149389315197988	8.69757365001881	10.407399318430333	8.53155626610902	12.426259612509469	9.966150269645459
85		8.193761095938068		10.249793802559052		11.570947188362426
86		8.726461469208365		9.118015655352965		10.382689589759957
87		8.69068430144598		11.549845080459969		12.68472070454823
88		9.195615670703212		9.533640288179399		10.708163237476942
89		8.673528621075057		8.927593190942577		10.221357476142218
90		7.647884941849433		12.271488950286034		12.985255541343227
91		7.950138882217423		13.380140971755571		13.951847083484143
92		7.624652978599682		7.413140626815538		8.362223805552226
93		7.837230448664573		9.873716369247653		10.66154405428081
94		7.986654736440824		8.957969967598466		9.737525077900457
95		7.245747866705564		9.887559312531355		10.718797941392504
96		7.752886108343612		8.44239958836609		9.319526826829115
97		7.985889511545047		7.418599797733161		8.530536087800044
98		7.7216590497915245		11.614354010326533		12.247575557972418
99		7.689410045297988		10.724533363556237		11.478151983345475
100		6.191881261830126		6.925965113339499		7.3891616940809195
101		5.632974400839145		9.052963210155971		9.323109174454435
102		6.09193187470062		7.0373320200378515		7.528963476354036
103		6.194865153352261		6.308874425224364		6.8773805659326985
104		5.97557208456381		7.703113394714611		8.123243093956713
105		5.84234678416521		9.260147103808581		9.654006698737858
106		6.433510253968015		9.046525001715533		9.42645522991979
107		6.416782775183061		9.407862859239597		9.769368130767617
108		5.742267489982827		5.316817004064178		5.894029289942054
109		5.805887198502716		9.321494739772909		9.720313432682548
110		7.924158782917117		9.266198148180889		9.461384328949707
111		8.117606623966154		12.126231572394195		12.330927468396206
112		8.580428863890058		10.016664713309659		10.281659777107317
113		8.342553159913363		11.124875209824099		11.387024023951659
114		8.18693128351077		11.348775277519923		11.515662591410377
115		7.869492468238266		11.36408720086049		11.607215169828239
116		7.969128034629278		13.312715409311453		13.50877999650108
117		8.644122231680496		12.39331695503755		12.703994382682108
118		7.894270335894075		11.00334482626188		11.29988560460277
119		7.8890625154635305		11.223303538006872		11.470475566772947
120		20.2674003607632		19.506032460990955		20.40944104686604
121		19.265776751004765		19.12776237906541		19.74634311715412
122		19.02732416783871		18.28974988798874		19.380344097842855
123		18.76861452979714		20.835047181041684		22.064513455307978
124		18.605448486971532		16.997588767512127		18.35664888167002
125		21.59078624830971		22.0760898739917		22.770255652040287
126		18.42135842321945		19.990853144068346		21.017246506882053
127		20.153620598720842		18.71100942726881		19.726345513074016
128		19.2765755156492		18.106515810573832		19.183368302851612
129		19.741538860890735		18.571427145058912		19.912885816714535
130		36.961398524416396		35.126962632016024		35.209442220197076
131		36.83421739435106		34.553315037761394		34.63993819642562
132		36.86828100630047		34.76840688117615		34.869250947991475
133		37.15901130163592		35.193572709575996		35.28697483391128
134		36.89415515225868		34.38308736525716		34.542995796643666
135		36.86393940159792		34.37537318295389		34.503000074616345
136		36.878388784146956		34.528778575666045		34.613194637357545
137		37.1092266906754		36.00181930591432		36.12259252309736
138		37.13477539457968		35.6888847286978		35.77168989029029
139		36.82065561731924		34.84482371212522		34.997697936511976
140		9.48628700793166		15.48922137528774		15.99234965847192
141		8.919378625962514		12.069434010802988		12.629694110606332
142		10.055472284266882		13.395386175638142		13.802932372937569
143		9.952185585650529		16.880778158805683		17.322521367274717
144		9.030272798266694		14.249048958064115		14.75841997460886
145		8.628134591751804		13.33585890482568		13.848032949863374
146		9.035015192133557		13.202548849887357		13.738405699932022
147		8.627656340892946		11.54732097263908		12.046482716864523
148		8.46129063686968		9.7699410623785		10.337875060409102
149		8.077696881635246		10.220716879894008		10.731205300553814
150		15.778428776612756		15.699259921781342		16.247100023255268
151		15.072360224290795		15.07310680821551		15.79040774466151
152		14.955012735675624		14.479147006082203		15.289260459095258
153		13.372947188310317		14.68230938003536		15.473539772466536
154		14.001158488770862		17.35840235510087		17.99150972705544
155		13.746068541181371		13.705747717185846		14.637045018890763
156		15.110485396583785		15.005910481307875		15.933515298665819
157		13.538987388717317		13.305880475479384		14.121050175222429
158		15.76054449557649		19.47600412868497		19.997810613968635
159		13.097232776280467		13.284303728183495		14.219889065702539
160		9.46348687146251		12.351299553148623		12.434047251785314
161		9.396766430036017		10.685807140910276		10.830562533797638
162		9.303887288430039		10.58999844383825		10.807812354056342
163		9.028662430448469		9.985211815886169		10.125370300762796
164		10.037060087287143		10.206535925121756		10.412431677108982
165		9.565878735222121		9.839021927935836		9.982486163693856
166		9.410081864838503		9.345878501496623		9.519077024922687
167		9.357510022298444		9.97852180375753		10.19727220862761
168		9.471823594996362		9.727636290524217		9.788324508007682
169		9.475024524145043		10.36393863308463		10.483926850932844
170		8.138555362327846		11.800485455001407		13.612405591856517
171		8.323765595724156		10.695578872225513		12.382764913030837
172		8.289834321712798		10.399308105535452		12.54157707132698
173		8.406060233964306		10.35176739880902		12.235486936124623
174		9.77565621584439		13.219447144360904		14.724450914081832
175		8.533985237923018		12.53151596818462		14.332940834035028
176		8.003723271196888		8.192580878207217		10.093748987567336
177		8.558964914818512		11.212520151935221		12.937419787512384
178		7.961151272154502		8.232619308406063		9.991676555978279
179		8.430037184008162		8.249050798332595		10.375094677466029
180		16.51533468046866		15.45704993662888		15.809308873202953
181		16.479215924771896		16.679270602306286		16.920362825727544
182		16.6746363003159		15.897069161121491		16.226789503752475
183		17.632182519093863		18.00031186761405		18.255204331378405
184		16.745508394124162		16.26525471323047		16.672645915592383
185		16.876056288592302		15.612064674649888		15.90661447415456
186		16.81814881428812		17.429040869420422		17.677990434449285
187		17.201596305320425		18.624576237276987		18.926880924782097
188		16.547276570134073		17.06369045475838		17.30652643335024
189		16.250049113700328		15.291482263576857		15.623349595685758
190		7.836830168792219		8.573597835946245		10.683918513528598
191		8.826481594049572		9.905743423824083		11.651064836995323
192		7.903838003619051		11.64349609007527		13.84083281384926
193		8.045372237202448		14.738127161897317		16.20884270181392
194		7.219588853301522		8.22338577655038		10.339229398167097
195		7.295242491101132		8.8069548901937		10.826151083943248
196		7.5897078572311045		14.164662493474891		15.985837411726962
197		7.156755409194187		10.944523784866051		12.839854818290654
198		8.12137162612421		10.552698741570955		12.191008181650345
199		8.803539526248507		9.689865269282157		11.380628293125906
200		10.848548839142563		13.66248543923973		13.691340676386178
201		11.206157441069111		15.34342997639227		15.500076313254683
202		10.682804995851864		13.443575751264177		13.514872135035654
203		10.908422863650554		15.7481634200424		15.876465554522893
204		10.583120083905776		15.37595314370436		15.556395543887053
205		10.528498269607413		13.976093734238097		14.162201010793915
206		11.035687419888397		15.052534547584735		15.187552396703959
207		10.324330212374075		12.673149891276179		12.833343608414177
208		10.852595263914143		14.640261307060442		14.729674329607708
209		10.934450952282392		13.332048425534733		13.405165563565697
210		23.67805371326157		22.894163757520694		23.03683138175728
211		24.078283290207175		23.151357182113635		23.313667985724283
212		24.091552850508485		22.60481030979049		22.822096320781135
213		23.727000743209885		22.16224196435561		22.3481696712065
214		23.8472589407941		22.76091469581338		22.94628072609265
215		24.004847064107768		23.022488512092046		23.190912555526825
216		23.766934933377282		21.98242779747095		22.19497991682291
217		23.8044156495169		22.611949141376734		22.826108268030318
218		23.807065534214228		22.56828175531139		22.706329994124303
219		23.584541650774216		22.41154563794038		22.58141654721252
220		10.954064766434819		12.897130565297605		14.413888233970534
221		9.656295785372464		11.359445482298355		12.667915429584486
222		11.296657851862632		13.962018653665842		15.264268141827825
223		9.677485519224685		9.409875737723077		11.076143459825383
224		10.027206225469072		13.059236716468094		14.154638274618156
225		10.389630425548324		12.89805242751699		14.136755881566367
226		9.1393626596189		9.557729193276145		11.00470191862752
227		11.137127823407786		13.08354138388252		14.358489280189543
228		9.509272297774281		11.28781943199792		12.655919764069935
229		9.986271846064733		17.393815283893197		18.442168015195545
230		9.978038081154143		13.724300444971052		14.107644600883056
231		9.840135588009328		11.574806380375533		11.884046093407427
232		10.090442974703086		13.350799876197161		13.753492344609489
233		9.856021669659327		12.610709943492424		12.947053886442975
234		9.932439547014436		12.946826659456715		13.358909476632496
235		9.961177446549877		12.177003944530469		12.621019325018645
236		10.08130704057123		13.715072200306034		13.956667816162195
237		9.739761460408701		13.80722867417338		14.157445090668904
238		9.907452349861181		12.371891070346685		12.837563156422009
239		9.940848113058788		13.643879561057885		13.907241111229032
240		6.5947709186517045		11.021169724594298		11.193575028865961
241		6.732741479145073		10.664195300651482		10.885668758445
242		6.586000285166333		10.172222829227657		10.42896463605527
243		6.695752225312863		10.103075135945591		10.4062453486087
244		6.813558600317074		10.820375145594435		11.079755770843924
245		6.8583951961952945		9.323430633980324		9.57042564176277
246		6.790194630772298		11.630062679302068		11.76422641596179
247		6.928533904835644		13.571421788832644		13.724079164459663
248		6.6520438207364005		9.092902089855752		9.26484885705303
249		6.9803851658033365		12.460104052459128		12.670764917866697
250		11.342646929973188		11.616335947760271		12.716770847329647
251		9.655481957227071		15.850406534120413		16.791791064216845
252		11.256629749552157		10.49456148814929		11.561286751732338
253		11.149731213982863		11.383570138256731		12.275985237373376
254		10.785386925081864		11.497936220789425		12.340529238907665
255		10.953444179650338		12.346654421726338		13.29068307830533
256		11.015646395988195		12.151191145233469		13.065691137686388
257		11.798251985621835		14.48142073514134		15.56009238180757
258		11.80453584588217		12.73821267430247		13.644742314519975
259		11.204419275390986		12.143620934477392		13.048749303593775
260		7.683416727713355		8.572594704605553		10.45908355698544
261		9.906172865825047		13.475090105962586		14.554910824190545
262		6.930451909739871		13.477231608519432		14.881711385229355
263		7.242411842750146		10.790610227100732		12.153792221675419
264		7.354870765604548		12.132195736312667		13.393134543512286
265		8.899920157294112		13.966388676789444		14.982014338144085
266		8.951591322727696		9.432558274114724		10.955193534372862
267		8.136820910706327		10.269966041098895		11.842120105626233
268		8.690028436491922		8.656728013714131		10.169339833062816
269		8.397407757965796		9.649247633793202		11.147212541544945
270		10.082818112594188		11.881975536088685		12.251611909064811
271		10.420759574088018		13.83846284577331		14.041131979438843
272		9.950683628246876		13.530210647261566		13.811134559162115
273		10.463617841975044		15.039516719724624		15.37449824156639
274		9.785565660986537		11.953725759213338		12.201214091741628
275		10.145197900356441		13.529034512283173		13.762680839345624
276		9.699857641052693		12.713867502255205		13.05996057432607
277		10.508762020091734		12.767334826728375		13.06994830643526
278		10.775220175807005		13.603368764623692		13.842963585995845
279		10.3912138475166		15.487169951108388		15.706832246808506
280		22.123141213935472		20.551052936506366		20.68407676437271
281		22.202709960369308		20.803159116044142		20.905630863112453
282		22.17556932561528		20.736490926440514		20.836756381234636
283		22.152628562996043		20.788677292241683		20.888778422120353
284		22.205729546781626		20.362815189889258		20.532832273627125
285		22.36811963659995		20.52813219947017		20.645841773472995
286		22.180807793660975		20.447726380552243		20.6105220968658
287		22.686714204258454		21.205931274030704		21.236424816638664
288		21.991286166348758		19.773424017100563		19.827271036361246
289		22.119257370249958		20.76310694778529		20.8861335038701
290		25.55487908563259		22.61090398609243		22.775513797750076
291		25.424882840060004		22.04959996435128		22.17428567751126
292		25.472597246038053		22.015221041019974		22.286296257468663
293		25.44968881040054		22.37700042708651		22.52051916731065
294		25.466739273691807		22.419745789849085		22.422014724044935
295		25.485714592074363		22.664271150043405		22.8149550152488
296		25.53622644045179		22.904575590519023		23.003589959215194
297		25.773760504077575		22.58540838221199		22.71192439812179
298		25.79481054926438		22.9247333014004		22.978800038503937
299		25.288450713850192		22.111401295113453		22.177830621599735
300		10.266381037546966		12.990566565681673		13.168921608864952
301		10.209764037518353		13.147383021239056		13.225636076477992
302		10.694706642681327		12.68893383068396		12.819199667987716
303		10.122143663490997		12.741197580823572		12.877864499964058
304		9.886876685928748		11.202266083227128		11.379697426589944
305		10.073060620023826		11.10524108538709		11.243350443764339
306		10.197987770842184		12.442194877014558		12.521718998227781
307		10.061111029509181		10.341548751145641		10.480869423599579
308		10.462936222385968		11.787248184378301		11.923084705340122
309		10.050885539310938		13.578330641047687		13.69680989294713
310		6.813419878486683		12.734436257428984		13.235125341276106
311		6.971658411350229		9.252109080166404		9.819654005228308
312		6.115562604005129		10.243255152850757		10.798815738519732
313		6.659989522498726		9.667926364351564		10.211133678854017
314		7.030998293917953		7.27580394123919		8.009811589297799
315		6.954031345494245		9.62649182851536		10.275104420890349
316		6.604438894957394		10.242220902930052		10.732346893300035
317		6.697229824735895		8.2896428384057		8.90243653670469
318		6.518613260634934		9.27628111299715		9.916102690179677
319		6.536605679904575		8.72836525724894		9.183309565448068
320		11.890650713000133		16.194169787326363		17.00522363933292
321		12.221789172998047		12.9869969291569		14.028142686704765
322		13.966052457362611		15.245396334234723		16.143462113776067
323		12.860942282906663		17.005223369193573		17.891777211255356
324		11.090973861713803		14.696598494659707		15.805235153133903
325		13.909276637923615		16.225766307770535		17.068126427293628
326		13.74127017861869		14.200949464765642		15.320031387501059
327		11.819506151051321		12.134329659303397		13.220568338163613
328		10.692658832576598		13.2329116032131		14.228751632930019
329		12.854498887336312		14.767323230964983		15.543313615387687
330		6.549754632894458		9.661050622831002		9.805073506179388
331		6.527318774010472		8.161049361529573		8.396828378284729
332		6.47005877033216		10.465585926367515		10.574410122271198
333		6.501716489898754		10.771594702144636		10.951281246263475
334		6.62481024809694		10.12384940324935		10.232347455616928
335		6.427344486682021		8.89727067148598		9.139399784158703
336		6.456850048989824		9.028690740289244		9.143495759149621
337		6.568527878296965		11.127212409523336		11.334173287562772
338		6.590297203304368		10.887647012313021		11.052050977722054
339		6.627040583242566		10.47372111867257		10.638435202406981
340		8.697809062010052		9.810813517614978		9.987451032154283
341		8.735902910454255		9.591231642798423		9.753962660540559
342		8.64455663448364		9.707802878577589		9.894568016682161
343		8.512874036770599		11.141686487993102		11.358445000819342
344		8.867629527901952		9.994184728610664		10.118161697616857
345		8.928641367579623		10.018297665853252		10.241380241910289
346		8.582268702281677		9.816718729253829		9.982570912025452
347		8.708345807113364		12.259065141695025		12.40966793016066
348		8.68572386508532		9.490646815723673		9.654938002309065
349		8.407436365492105		9.994999236513324		10.141964249718837
350		17.059950586736825		18.441073557290455		18.693983420616473
351		15.816425100755785		15.423055732341892		15.77447075004202
352		16.248306962855274		17.409358081735878		17.78763765975138
353		15.522419713731855		16.84674063895906		17.092493669374758
354		16.07161067173622		15.631549196632074		15.897353998364588
355		16.74558234140088		18.56585847360336		18.86226166312524
356		16.398252050681435		17.255951628198574		17.42001696085917
357		15.916910807346273		15.972500574780595		16.28667407286841
358		16.516141294050545		18.557686662173083		18.837196805074303
359		16.68749739862759		18.918382625996035		19.248172585786044
360		9.315306998838137		13.870039281516986		14.746152872490548
361		9.87453527231144		10.176862283033268		11.344329017943604
362		10.754154134606868		12.004379062194078		13.162900297945423
363		10.103779483673373		14.633041703301268		15.5403774682012
364		9.694198921029983		10.436380141590456		11.955582004797433
365		10.144809931127272		12.65774891362392		13.54477837254318
366		9.529075360382778		12.153412361401788		13.355254349172892
367		9.480084259380602		11.819678155866828		13.27001950003533
368		9.779067345423261		9.479447091489845		10.75410868778108
369		9.56933848216052		9.872322356584627		11.135479039691711
370		9.598000626373333		11.625535215870272		11.677150114417234
371		9.681643815114215		11.148578075920812		11.21749761047228
372		9.73490177289971		11.562567839089688		11.665048525992445
373		9.661296507546528		10.908276205607923		11.009003994292765
374		9.798702924360166		10.687968196619462		10.783972326597157
375		9.537171701558115		10.604839199231993		10.659347558252504
376		9.662526253887957		10.278320420495993		10.296369908436139
377		9.698709364422882		11.012051776141893		11.06272129413712
378		9.740650291337516		10.696288855980125		10.774671374167232
379		9.594469238098627		11.217233250478404		11.34132126458977
380		16.10352919566199		21.36806106884018		21.79738546784422
381		16.05429990272973		15.753758379194988		16.52162451632879
382		16.438682050003063		18.50862581851086		19.161141015235245
383		15.64173809175882		16.30608013326818		16.959202474906352
384		15.461410991991094		17.71546400372125		18.57159217980021
385		15.384355796580127		15.608921855729323		16.387346032678902
386		16.122896177283515		16.591734938087512		17.26139797321702
387		16.547847937382183		16.594266199928402		17.36839577886344
388		15.586143468065275		15.568700489878175		16.37385853798733
389		15.882269758746398		17.899316480693845		18.76288829057962
390		11.410070833310488		11.491828765604499		11.925709057481304
391		13.202032648633539		12.473900519959477		12.667755936478839
392		13.47331420190024		13.161302377290976		13.51386397532724
393		12.21732272801864		11.71256224081558		12.049481119298013
394		12.112053487613764		11.225691095791053		11.464604861801437
395		12.47762331027536		11.522000059100678		11.85461552906303
396		12.65530082719711		12.49483567227469		12.84206330218092
397		12.878742985936887		12.534784325529994		12.792594032020304
398		11.751055235585383		13.035338600487842		13.402121079948992
399		12.987856011990983		13.040420796503843		13.416221731697757
400		6.83660411181668		9.852518096554203		10.09479948474318
401		6.744743649325323		8.387669558332831		8.65784116670504
402		6.875195206328864		9.220593470016553		9.459784597513186
403		6.9857238672467235		8.094589406533974		8.371634815355417
404		6.977543516341438		10.578353892677931		10.897435993543958
405		7.021670721877226		9.752331789232276		10.03450848535861
406		6.9723499663681965		12.139427875578077		12.374165481597965
407		6.8893832275317495		8.558879584996996		8.874142113090395
408		6.879574341199115		10.618754222164641		10.852177170698383
409		7.014750667658138		11.396146230820849		11.569589093919122
410		11.839599716061489		12.740152819585669		12.928551463845091
411		11.401971209601703		11.673780031458135		11.972751523583646
412		11.866261097451316		12.137795419737653		12.366373109613358
413		12.28818341977943		12.859811751417789		13.086664109957256
414		11.91049058611029		12.216712333854735		12.440633165712608
415		11.669350117345939		13.694412049613328		13.930717631482135
416		11.275588278987861		13.52714571923206		13.765072263915032
417		11.626523358461643		13.085841034455761		13.190738987319968
418		12.359664941815979		13.794094328224618		13.985951987542123
419		12.024143842483278		12.545931679869506		12.717881600272786
420		10.831487880532595		14.057380566020848		14.503313845117887
421		9.957477581297942		11.170982063815218		11.610895650472541
422		10.230438019259747		11.659449579975027		12.14972212223147
423		9.966278757107046		10.528447621498193		10.951933335024531
424		10.355093089588404		11.623152568215355		11.975860820029165
425		9.821447066644364		10.662881082833183		11.221645407751943
426		9.924929830378638		9.760279705343592		10.341876783354339
427		9.770610751075276		10.20303510232298		10.779750575029187
428		10.233459158166148		10.79480401968227		11.354767881285179
429		9.783080129766443		11.933629494533857		12.430217613664016
430		13.151093764475979		16.917371447008012		17.322038462288972
431		13.056295447418911		15.98883275489422		16.36920551490065
432		13.234284662662407		16.290380874909314		16.52331010791834
433		13.125409248109296		14.613520538544096		15.071732363531169
434		13.482496462687884		15.628342471320837		16.01850770261468
435		13.45554117734563		18.180210239276686		18.604616903993435
436		13.172595702282656		15.028698217221361		15.413505930419918
437		13.052442129740097		15.44650169389246		15.80974617385003
438		12.930747203055795		14.428212821216755		14.851313765038878
439		13.186783207384366		14.822003358356513		15.301010682620149
440		11.071744907648977		13.614428504921303		14.264114871386496
441		10.969906899771972		15.349388048795287		15.810585297901735
442		11.315017547806102		15.871368935988748		16.450667654913683
443		10.737753477573664		11.35681537024931		12.04564875699219
444		10.91519929022153		14.949351910184022		15.505183734323422
445		10.769097980299048		14.520824878585803		15.04296935725188
446		11.397364126523534		17.961586909684797		18.32725573128497
447		11.348146063393765		14.994827373688445		15.632631420820559
448		10.782221693642823		11.457109665327692		11.968004290228434
449		10.752234814405709		10.676796554742058		11.233666762720118
450		19.10187283707372		18.239935715571388		18.569832497223896
451		18.628793968870486		18.08105846095934		18.49653701192866
452		18.697262133888206		18.86463456505222		19.2094482693248
453		18.91426606676066		19.384009585992896		19.75531598204634
454		18.767984253479053		17.993900909250286		18.525365163739586
455		18.144663896326435		17.57362862247026		17.925954789057997
456		18.60242122982546		18.6046217140202		18.976599552968274
457		18.732555608947376		18.083434844929617		18.418747422672073
458		17.98293976862653		18.072370626320087		18.41219892287768
459		18.776288824269894		18.465995242677298		18.907852445931788
460		27.36489185161459		24.81005371564908		24.834638343168937
461		27.37540800895128		24.922626465661928		24.993658597511917
462		26.899768969279766		24.29871027246189		24.299306823261862
463		27.292261461458057		25.080287899586025		25.152143304098757
464		27.403522634327604		25.01890880355357		25.03837486991594
465		27.324856441965437		25.191337137247935		25.217832294557777
466		27.223122118872762		24.67577910384577		24.667203555095316
467		27.135617094256904		25.010536779224157		25.034787730475134
468		27.346576311209756		24.495657756124437		24.568126573631915
469		27.53222450533431		25.254240675623105		25.34332418249934
470		12.47083888249187		12.57705557758419		13.638752223933409
471		11.947909644722166		13.29635650665104		14.371882955825527
472		12.8989279320289		17.133826700822457		17.79848720866718
473		13.077797022926951		18.11837860783054		18.989184528084444
474		12.204325624171098		14.597621516247143		15.35892758662986
475		12.58359525573687		16.288049584855635		17.111707281046975
476		13.156037782527815		16.397202895890572		17.052444397960095
477		12.460427697986539		17.104780600851644		18.067886154190376
478		11.961400001268023		15.534493918718413		16.624044422820383
479		12.223376463277166		13.433398408092453		14.195253329903725
480		39.558037154449565		38.78093509973483		38.99362834618882
481		39.23461666354382		39.300373337333646		39.65326311033498
482		38.558771893507306		38.14250883654303		38.42032538832376
483		39.208380038167405		38.3375657413214		38.54350464442091
484		38.97186561989507		37.95385985708393		38.24562609782469
485		38.456697180729755		37.16678455498763		37.5175655473105
486		39.07744715133112		37.62143383865443		38.042063515894014
487		38.43464057646899		36.58030277398116		36.958087121967274
488		38.745091641139695		37.1475824605261		37.46084949490525
489		38.911226516638685		38.09927943268537		38.43596097319392
490		8.249601271149865		15.755950365250023		16.431716372211774
491		9.773654557660496		10.658164082047271		11.60227023907086
492		7.155548803510288		11.27667383787286		12.248684512318702
493		7.848872539481278		11.519033848459841		12.420782636668035
494		8.691987162300551		12.236453222004432		13.234762546631037
495		8.860898555122628		9.594046683945932		10.769062550208988
496		9.452284919592955		11.633955576577328		12.685901971109768
497		9.083501218187786		9.820944609920003		10.841680558543626
498		8.560975400502059		8.668567886135074		9.941065261484288
499		8.419098911154897		13.005947898426747		13.843568593942043
500		10.335638962135507		13.66736042813437		13.745486133276573
501		10.058260959726278		12.657891558786444		12.849019373274917
502		9.864009379025154		13.353262551964947		13.460122670165566
503		9.628413999901499		13.728351639581108		13.814205158494739
504		9.794902207222318		13.808077182551676		13.878583922413304
505		10.062426171223589		13.308728238913659		13.46707004488533
506		10.011822527019667		12.54886612460774		12.65143071634283
507		9.747478862471787		13.76127869293931		13.866116695561487
508		9.661747541519054		11.865322612385318		12.024400902199385
509		9.955239983551541		13.727228181147996		13.889342382517215
510		10.068031635275215		9.975372462935036		10.377575591685128
511		9.922767660529304		10.007655423038823		10.441304065494835
512		9.731918890580685		11.894661975082595		12.282738449323931
513		10.3536392502282		11.294475025203273		11.670743955933961
514		9.244876058093498		12.277250119760717		12.601909796274551
515		10.246504514047764		10.240634899242675		10.699840592122026
516		9.506064468027837		9.624784661515768		10.146619802319881
517		9.473148039288429		10.087145265599258		10.50748460595252
518		9.770931188806102		10.141251819840646		10.445287718020632
519		8.724326337346142		10.557595482935088		10.943586929401706
520		9.29613897369052		12.96948103597396		13.969820425963055
521		8.760157083342278		13.28535818248042		14.300378150994879
522		7.572960472203678		12.691642172366796		13.652077964101375
523		7.138413701627098		8.11738673707252		9.27959947270036
524		8.014869555795974		12.933960769258427		14.003360289604394
525		7.051574783457709		8.780421024433743		10.207185276743571
526		7.154320694132549		7.383074365100022		8.729533258049596
527		7.9383571205244685		12.275764478202072		13.246237861917683
528		8.12039703313224		15.146279233792646		16.110970370517915
529		7.693447289309579		8.631724883400159		9.921062708533745
530		16.20136499462908		14.855093744533661		15.168029418965734
531		16.84340373759419		15.64631794154743		16.031975958875673
532		16.80136572261602		15.304704693164796		15.671056045512108
533		17.147037589280895		16.04872747332015		16.435580476041956
534		16.193499334365885		14.727763180599242		15.230742013482729
535		16.57483990290485		15.464294271408182		15.997636492483096
536		17.443116718397786		16.405266446983205		16.84509923773139
537		16.544592661509004		16.749841358761813		17.161847097272442
538		16.29229298066295		16.725382220203844		17.00776660284098
539		16.84444487283491		16.348042086680515		16.897782978542534
540		13.161132120536013		18.908296290565932		19.281902770826214
541		10.451106131553747		12.827378292260981		13.193717998086122
542		11.361009486163788		13.536965541326616		14.075932943367755
543		13.613656342104122		17.287712000396912		17.560422081098316
544		11.425719576950819		16.418977044883967		16.76173583283547
545		10.709954593014348		13.366387349519744		13.854139978442978
546		11.880676047409784		14.820449981439944		15.20392744512495
547		9.951898010401955		13.513479796634954		13.997494606023757
548		11.800510128387895		15.000994115340164		15.419254300579695
549		10.6345237062173		15.904075196957791		16.324015088066098
550		10.662087408416218		13.994841785009559		14.256880684169687
551		10.553796570750386		13.872954799906038		14.202273831149238
552		10.465810556239315		12.045935471932726		12.343975109337698
553		10.354576096175848		12.14442072769426		12.536849077592821
554		9.772156881487554		11.365760380622637		11.711971831793182
555		10.04353252117468		11.046262122641277		11.434935172226506
556		10.336891318802786		14.828484522915508		15.069992646422563
557		10.270273811075088		12.602557705046761		12.945814552124505
558		10.353495861608197		15.768607450549588		16.144406945832063
559		10.084247406974814		14.251917531923473		14.5544823468643
560		18.00550302465765		17.403468408152477		17.61203991795216
561		18.681204566520073		18.78426677978209		18.89632725220139
562		18.59859223847176		17.140365622082236		17.313032216998057
563		18.477209800200523		16.82976526897771		17.043729432163452
564		18.275706971719323		17.6187422520306		17.848984499330715
565		18.841127156438027		18.39655971483746		18.683733456304925
566		19.06671721759902		17.948215495912354		18.074648003236355
567		18.995520471317487		17.689866912674816		17.872642068272437
568		18.72089743823412		17.78977164913869		17.974891944677367
569		18.435958487738542		16.75689734816308		16.99812485113268
570		53.18742187818568		50.0964088066827		50.16254014651901
571		52.885769388601524		49.4753050118416		49.50253101213908
572		53.32481657618091		50.38160869302633		50.38322950710848
573		53.23102018378931		51.01013984438883		51.070160261655495
574		52.792351025763345		49.17151976303098		49.24703131425246
575		53.48804612260167		51.33240233695901		51.44147460453501
576		52.85827782500765		49.47735686329191		49.53066326350705
577		53.09512486519844		50.13365641646084		50.25869249806846
578		53.257669286571186		50.23817613448459		50.26666740591048
579		53.128586773267294		50.3930436736429		50.45772315831111
580		8.672573867388827		12.084832758707256		13.191793143300941
581		9.505381835442929		11.2565811570181		12.499913952042858
582		9.026616922891384		10.487663801327056		11.680600294183723
583		10.571590492846196		10.57643372269349		11.390168984685703
584		10.280237067642936		12.074921803632266		13.116529087683725
585		9.866259493589803		12.490772673485292		13.4839666861418
586		9.707233302982438		9.108234401810737		10.360229116716479
587		9.679171133549088		13.198613889723857		14.320956479126528
588		8.907199141855845		13.227881935765502		14.370233112111496
589		9.639603346143963		9.44377096003215		10.541266437817654
590		9.573174253788071		13.921873362783108		14.017625583786849
591		9.540392504978403		13.277392102063102		13.42494425843077
592		10.044081113781816		12.927574795279968		12.981456762800054
593		9.548387147461245		12.0772852498704		12.145208031254201
594		9.27393697630213		12.355274224892245		12.45847843000457
595		9.536232076755562		11.938545578016576		12.070514970889066
596		9.37710190438218		11.607881445726267		11.691054862132546
597		9.470199178117987		11.355074367785491		11.451304146984274
598		10.168947114812884		12.846690492176489		12.910010078361541
599		9.658195331757348		13.33567130778584		13.404070608900465
600		10.979026416706459		14.523486267966101		14.871714059959222
601		11.353103315117732		13.749683422470167		14.079053188762025
602		10.921561115788963		13.99451021135117		14.644334601551883
603		11.080581986918281		11.26042846899787		11.717774694948135
604		11.097438380720753		12.530111086096793		13.080486552838142
605		11.091976927081134		12.382765158947796		12.923636549995209
606		10.818095636874986		17.263645083611042		17.662656580409237
607		11.03608374136325		11.714420421756545		12.232988748211655
608		10.931777807951322		11.557120014454664		12.006086773507896
609		11.01907393479752		11.895308588343756		12.357475088968345
610		13.084669450606777		13.176187721585517		13.485882151321922
611		13.491766504492858		14.345979134515371		14.658112323325831
612		13.049413622296367		12.820786815601128		12.984222385117244
613		12.948054492090701		12.966918861982153		13.245814442249605
614		13.262459996956608		14.184610291139904		14.5334893682787
615		12.679816458419621		14.599403671238102		14.813658670463724
616		12.951471021153106		14.837414125493266		15.080496784046026
617		13.527332684915152		15.144509926788496		15.417766563060585
618		13.080757282713526		12.416393347126265		12.793323026190416
619		13.602168874822308		15.24274537839786		15.43291075128569
620		8.947350538669195		12.638692471172314		13.153775891980917
621		8.622658238177966		11.313061254692164		11.83020578825354
622		8.500782691331125		8.549375273123559		9.140909091102241
623		8.673344911308265		9.510012657049442		10.1194637108428
624		8.986436087325028		9.642396105034976		10.318495955765062
625		8.937510169463001		9.729848372211183		10.336035432844588
626		9.084556271370735		13.08928549939825		13.470434967262754
627		8.774892937415098		11.729006907759574		12.208431565201318
628		9.189759595719396		12.57862294082527		13.04527319705856
629		9.767811092287106		14.082629416389981		14.531005457462923
630		9.418879892013654		21.046361234696104		22.070133301659865
631		7.384076564305466		13.087774071996922		14.717481885021137
632		9.532002838389415		15.34371719474728		16.813686010307414
633		8.88673322653617		21.271635838637756		22.20934712707083
634		9.092912198486642		17.337806167420737		18.562688528039175
635		8.539298595578304		9.41035727942596		11.267349116871948
636		8.689340774517248		13.021178746325408		14.689728935172695
637		7.450228872691646		12.838695427532288		14.323791995860512
638		8.775493360859297		12.692408115811709		14.015967819009383
639		8.145143026328586		9.317285795482334		11.185482003663296
640		10.012589513092903		9.968177934450988		10.503896399791655
641		10.649720471563322		12.664435731025751		13.07335855378668
642		9.88099642119618		9.667579640288627		10.069671425076008
643		9.560969858670042		11.767748302312823		12.17285519965677
644		9.639005963134046		11.11943109012706		11.558263247749219
645		10.081235249265648		11.622184764274797		11.998941105127873
646		10.470867515401132		12.988951764134924		13.317425878032008
647		10.007606998674742		10.566830304866773		11.043575247873372
648		10.243777122332864		10.694917090057741		11.156968520039529
649		10.52214406928971		11.035861180564355		11.472773638887414
650		7.9820386258289435		13.046512329389822		14.237262274202577
651		8.293936382799378		10.442970803395738		11.82065331672251
652		10.482330141390754		16.458869394839734		17.389621681389595
653		9.637531684102418		13.805604879895938		14.95389232072305
654		8.360351399167012		9.484936773256509		11.015145361584127
655		9.23873658029226		10.675384219934482		12.093053786048166
656		9.92344394859118		18.0617525279966		19.00977324569113
657		8.091115678187972		10.005187450307478		11.284627143261337
658		8.425686853990381		11.794692384692974		13.078946234160075
659		8.575346501402505		10.201474554084148		11.488965914173036
660		11.309817326100008		20.189027318312654		20.98689723810265
661		10.18557162930004		12.586510138971692		13.40222219359202
662		8.803853535171651		11.118212751404611		12.394838701308977
663		11.947124513579661		17.662915667033502		18.50012759154633
664		9.311620930130008		11.566791108196291		13.160422296674877
665		10.123800522174118		13.741509792483457		14.702465236135831
666		10.720556425717646		14.693046564240161		15.629876990358689
667		11.48422605608128		18.269826371140525		19.257858140017813
668		9.430228263643299		12.166111772802873		13.080280561350287
669		10.605309588975521		11.767662477221672		12.97732509859597
670		32.397842219521664		27.987226484033556		28.059295604402354
671		32.10960954927407		26.42190264746448		26.445661214463225
672		32.17393435927051		26.302225095839		26.311975438864145
673		32.32206176851944		27.394682856637424		27.48087183508245
674		32.464777812828395		27.357569850174244		27.403021220852114
675		32.33348518335043		26.609598704255042		26.629817491022294
676		32.14841358706634		26.05000902671749		26.04915126704029
677		32.46271408116299		26.161727447790955		26.195315452555793
678		32.19175516102532		27.749468271710782		27.786209439702052
679		32.03668781777949		26.797933443351695		26.82469255355105
680		8.955861020028065		10.912082928319386		12.02603142752018
681		8.704153254973754		11.551042821793777		12.447055397587807
682		8.048945815836866		13.73910820753053		14.770553543449077
683		8.435894035735254		13.445495804886603		14.763181936525578
684		9.60619963483584		14.242233965654957		15.051605673166604
685		9.65028311509098		11.471639313602685		12.604272435201908
686		8.212062873067847		10.50030457940215		11.581020506374253
687		10.51196486416084		15.385864256099119		16.266125938701684
688		9.746772853360293		13.543611406216531		14.457730380721136
689		9.903086387787909		16.431283381569358		17.1304878916518
690		9.2598220815987		14.652944922761982		15.524738603805314
691		11.475342334159643		11.365349897507654		12.479449063636961
692		8.846166703535559		11.278129411764583		12.619799625907286
693		9.322551291770635		9.063902673492356		10.563689222090966
694		10.101621819191395		14.384962301060305		15.423137080210441
695		9.622353830041744		10.85489062253308		11.966337074480824
696		9.547946982898422		9.96524865011211		11.161279807085945
697		10.305305995713509		11.77010835198042		13.01865797580344
698		10.293404271758952		14.303677141972347		15.52090475252011
699		9.795102973536995		12.824276429546947		13.958507473006438
700		11.173296297365537		12.579952922486449		13.263591725828592
701		11.05990131355206		11.078186387152813		11.944600917623793
702		10.718741276522119		10.192652492712531		10.91182172706084
703		10.159388630004434		9.806791087961042		10.386329341983808
704		10.75677195773889		11.272240262169337		11.72408397755774
705		10.758648925619738		10.307557713616502		10.91315739376525
706		10.952919315581136		11.712062161501732		12.21718854185193
707		10.927072446953122		11.290750341888183		11.982956890457965
708		11.331425397558569		11.223207065650932		11.662214826121728
709		11.156063965587329		11.730469838347876		12.253614861942184
710		19.766491417436193		18.5356759494571		18.8523290721973
711		19.123058759572878		18.56156196366185		18.780896436951526
712		18.659623395656137		17.70115110591718		18.01111920609793
713		18.784239662051636		17.467042804928436		17.769921206363243
714		18.614554220528746		17.23146482017452		17.442225223118744
715		19.316877731179407		18.902924667430625		19.283899879994465
716		19.481951053236276		18.375101591307715		18.816677989854938
717		18.872778962839035		18.062283898412343		18.32519991054634
718		18.0346600354141		17.47062840891191		17.76338855376975
719		19.245356338784834		18.645860016679958		19.01198511846531
720		8.923090388801704		10.055901885825945		11.187061942400277
721		8.804063642954668		10.314581044703356		11.260587063412435
722		8.875226479792353		11.752717841173105		12.84560219263624
723		8.978080014206352		9.218287972200962		10.328791158342007
724		9.153381321515207		9.41989739059872		10.185377460938135
725		9.079457289550534		10.370451625377749		11.362076971148957
726		9.617289628580439		12.5256056847791		13.538100343191982
727		9.176132460651065		12.99047020249448		13.92094016672022
728		8.866747608836416		10.279195861703187		11.49432239539813
729		9.361891073148252		11.40584558055984		12.26717500039004
730		8.936491164160431		10.697597651733469		12.078655097309644
731		8.850307713340463		14.374666415278886		15.21231682598952
732		11.316846892063987		15.63857192709647		16.893079786026654
733		9.335304813734526		11.081977889631238		12.083788752676156
734		8.174244371889266		11.378018979431733		12.8750242802542
735		9.221869039557074		16.597494411989015		17.388475472240106
736		9.232353935010767		9.619894972053341		11.202147059455486
737		9.026634938112188		11.890006094577139		13.151340973266546
738		9.447707072072332		10.160275869646904		11.625006026973654
739		8.976337523199764		12.202105782616599		13.415733119696489
740		10.191088232002857		11.483946441633837		12.26432426489883
741		10.223731987920482		11.763048858872704		12.402415176893458
742		10.396133798179324		12.019140921109598		12.766830678259174
743		10.077474343364091		14.207174243586033		14.687906946949994
744		10.366016378160928		11.65242574266015		12.379322074633887
745		10.490218108548472		11.10947290515574		11.96709781943982
746		10.430322450393643		15.06154959641051		15.667634261142316
747		10.48334806643468		14.466209681541018		15.135856826338912
748		10.922822144469153		16.755550429674503		17.34064562082231
749		10.634384630455404		12.560694947505901		13.163506765707506
750		15.77172978282008		15.94991285930873		16.062266416807987
751		15.637974410908326		15.332065327979985		15.408081403823195
752		15.634586595322638		15.063562906436816		15.175642790711304
753		15.32616750475151		14.790077714259207		14.914998748424662
754		15.392768320553246		14.143339348991347		14.193040993773657
755		15.391964780175686		14.299492123949559		14.367491923633677
756		15.681843023641195		15.452006079257316		15.564262423505724
757		15.612857521474195		14.346156963309669		14.489485271125242
758		15.41160573736197		14.611779354240337		14.728382181805731
759		15.24524477259832		15.395483086922518		15.482585637397591
760		12.199753697026312		13.324089665732014		13.761428338756968
761		12.106213229152418		13.542276725195935		14.027988688773076
762		11.650720879013326		12.06921398316673		12.678749611561194
763		11.72753213029024		14.004085353221807		14.40720468471855
764		12.031390450530605		12.38902032369096		12.807850289794988
765		12.124303195819824		13.49628692504619		13.775440833560543
766		11.80863305601326		14.982841283966547		15.42140921146069
767		11.943144835063213		14.736929283381912		15.05048021233034
768		12.733025422478436		15.60045381109166		15.9793051312128
769		12.090369364522736		15.807016303479578		16.070038190019904
770		8.766145651742077		12.42102975634902		12.652179131599265
771		8.681304212670007		10.159189316963085		10.376715768757107
772		9.098926393937433		11.284966203827835		11.52230894010823
773		9.220796811443725		13.900618728803948		14.137083750620231
774		8.64747288190705		12.626801902538496		12.7941254752089
775		8.721358262210185		9.707371583555187		9.879574607495982
776		8.889576736843585		11.825889055601502		12.094685689824264
777		8.816088589296681		13.053641825795218		13.183817292502193
778		9.32593748631566		12.578318898903326		12.735116834776184
779		8.943171448007169		12.637387734834645		12.877039576915777
780		12.581350583566481		15.567210286321876		16.00093407677735
781		12.686007424160293		13.015036871253933		13.701308530203567
782		12.968275724564592		16.022122002307185		16.28366928385212
783		12.966402694299493		15.05318013311433		15.580053713109182
784		12.436454076415764		18.10539750282806		18.679834078466467
785		12.384584295847015		14.245075233518962		14.590474261003775
786		12.384275370896665		12.67678846123187		13.113423399130411
787		13.660030760460295		17.28031416562164		17.634448789566616
788		13.418825541739796		18.526275663957673		19.0976678936353
789		13.530847197302847		19.131303171722113		19.642740852308595
790		9.091237194523558		11.714184806508543		12.418673643651625
791		9.490143905892248		13.583879240025462		14.114981792804208
792		8.239626130818504		9.969127836158481		10.731494213963371
793		8.176363868358381		10.604641885475136		11.27432121688998
794		8.47570193400303		9.61327013424212		10.35067138063605
795		8.849013833068895		10.95060757094933		11.702760627550083
796		8.194824669129003		10.684913929159908		11.161952042160909
797		9.203266116794962		12.855000986475693		13.455846723362983
798		9.18268760848641		11.744364855500427		12.241649653540358
799		8.491592547730031		14.874041042860602		15.307470202478733
800		8.976962438229036		11.88224016318039		11.962719048999796
801		8.906597381135946		11.293873272479216		11.396569117555588
802		8.942506395050577		11.88297755968899		12.003840334543801
803		9.187282369301116		12.247173826694256		12.319240732587653
804		8.769751483795728		11.451489885787602		11.50858307780485
805		8.85705885805238		10.571533443180105		10.719413717416572
806		9.237698987861906		12.961913965888076		13.074623150031861
807		9.147960717007923		12.373589862566748		12.450895477732733
808		8.992921331043863		11.040925533290043		11.173704306622994
809		9.39612199143978		13.031016696815218		13.134138510015312
810		11.443770213346813		11.599173428966276		11.989134688768463
811		11.569644944721183		10.981607719172292		11.38490726447506
812		11.146769388688465		10.800239520401433		11.153313170948287
813		11.24543942099498		10.798446236943237		11.199167912384675
814		10.250913510200144		11.390652448823992		11.83358155244294
815		11.069238325214366		11.442187825807526		11.769886940419825
816		9.746282518185374		9.407174972147999		9.849308293464334
817		11.422947409575395		10.717105758029902		10.999001855631132
818		11.03680386710207		10.437237226299986		10.734552216244253
819		10.103012948187342		10.799886018328785		11.160332851790278
820		13.553312971105449		13.926977529707658		14.509499306846756
821		13.669212450239657		14.578416898062326		15.4342691224579
822		13.264852240964398		16.818840429538845		17.433270114972547
823		13.219285765195332		14.532802154977247		15.238608668372082
824		13.442151336218975		16.198002788713794		16.954240845582977
825		13.657462797080507		13.840410821222525		14.485596520115413
826		13.276670729894668		17.63067137469979		18.006365101279055
827		13.197439728233212		13.616899209460602		14.391675490867978
828		13.57348858032787		19.084632756458973		19.796039908469854
829		13.359310081017075		15.110279570014358		15.720463593492351
830		12.118076641915827		13.592756454365038		13.852640725600919
831		12.2857424312519		16.166035774778624		16.408258228130446
832		12.199830973274892		14.530265519320082		14.788567557962917
833		12.06610687556176		15.15986244457203		15.383781584572176
834		11.9601656575588		15.074119145454192		15.338067678744235
835		12.184659136873504		16.09304954203608		16.321036291437498
836		12.467031738036024		15.334963443037731		15.625673344616803
837		11.844094279099211		13.483692975045495		13.695220535693739
838		12.04531289426175		14.900260782908312		15.167687246858355
839		11.92224138448094		12.762176170348889		12.975848251717302
840		8.524018510662605		9.412244127671338		10.75186411314031
841		7.719793367583769		9.457205124135587		10.622475455937039
842		7.777956467393692		10.053898440398026		11.169354555903878
843		8.563659113227262		11.032504278986156		11.851424883243773
844		8.422194858786039		12.558724015375123		13.60611886345673
845		8.683497408021395		12.254823176313051		13.169168732338711
846		8.162830469896928		11.299278555843605		12.352349901958469
847		8.358767549648352		10.338759591686856		11.253004699601334
848		8.477179062295512		14.4574784894532		15.260520276768899
849		8.266188831815901		11.60484463607671		12.38953569238929
