epoch,model,shuffled,loss_type,loss_value
0,beta,real,loss,2038.13818359375
1,beta,real,loss,1722.7227783203125
2,beta,real,loss,1657.680908203125
3,beta,real,loss,1624.6285400390625
4,beta,real,loss,1597.0731201171875
5,beta,real,loss,1573.489013671875
6,beta,real,loss,1555.8720703125
7,beta,real,loss,1546.9840087890625
8,beta,real,loss,1534.433837890625
9,beta,real,loss,1525.563232421875
10,beta,real,loss,1522.817626953125
11,beta,real,loss,1513.15283203125
12,beta,real,loss,1509.9893798828125
13,beta,real,loss,1501.12890625
14,beta,real,loss,1496.2108154296875
15,beta,real,loss,1491.3211669921875
16,beta,real,loss,1488.03125
17,beta,real,loss,1482.661865234375
18,beta,real,loss,1480.29443359375
19,beta,real,loss,1474.7666015625
20,beta,real,loss,1470.4075927734375
21,beta,real,loss,1463.7890625
22,beta,real,loss,1461.0035400390625
23,beta,real,loss,1456.756591796875
24,beta,real,loss,1450.5382080078125
25,beta,real,loss,1444.6739501953125
26,beta,real,loss,1444.30859375
27,beta,real,loss,1441.1097412109375
28,beta,real,loss,1436.2442626953125
29,beta,real,loss,1433.3125
30,beta,real,loss,1431.02392578125
31,beta,real,loss,1427.8883056640625
32,beta,real,loss,1426.767578125
33,beta,real,loss,1423.0606689453125
34,beta,real,loss,1422.5123291015625
35,beta,real,loss,1416.813720703125
36,beta,real,loss,1415.237548828125
37,beta,real,loss,1415.0230712890625
38,beta,real,loss,1412.45654296875
39,beta,real,loss,1410.7320556640625
40,beta,real,loss,1407.46240234375
41,beta,real,loss,1407.55029296875
42,beta,real,loss,1406.7822265625
43,beta,real,loss,1403.2362060546875
44,beta,real,loss,1402.9208984375
45,beta,real,loss,1399.38232421875
46,beta,real,loss,1397.98779296875
47,beta,real,loss,1397.2161865234375
48,beta,real,loss,1396.8095703125
49,beta,real,loss,1394.679443359375
50,beta,real,loss,1394.1788330078125
51,beta,real,loss,1391.608154296875
52,beta,real,loss,1391.2994384765625
53,beta,real,loss,1388.0672607421875
54,beta,real,loss,1389.6539306640625
55,beta,real,loss,1388.32470703125
56,beta,real,loss,1385.785400390625
57,beta,real,loss,1385.10693359375
58,beta,real,loss,1384.8712158203125
59,beta,real,loss,1383.19091796875
60,beta,real,loss,1382.629638671875
61,beta,real,loss,1381.866943359375
62,beta,real,loss,1380.47705078125
63,beta,real,loss,1380.2337646484375
64,beta,real,loss,1378.0291748046875
65,beta,real,loss,1378.573486328125
66,beta,real,loss,1380.0223388671875
67,beta,real,loss,1378.1051025390625
68,beta,real,loss,1377.235107421875
69,beta,real,loss,1375.176025390625
70,beta,real,loss,1374.2032470703125
71,beta,real,loss,1372.965576171875
72,beta,real,loss,1372.24365234375
73,beta,real,loss,1372.8001708984375
74,beta,real,loss,1373.0504150390625
75,beta,real,loss,1370.9560546875
76,beta,real,loss,1370.950927734375
77,beta,real,loss,1370.6719970703125
78,beta,real,loss,1370.029296875
79,beta,real,loss,1368.2965087890625
80,beta,real,loss,1368.8187255859375
81,beta,real,loss,1368.125244140625
82,beta,real,loss,1369.83154296875
83,beta,real,loss,1368.4849853515625
84,beta,real,loss,1367.28369140625
85,beta,real,loss,1366.4488525390625
86,beta,real,loss,1366.302734375
87,beta,real,loss,1366.11962890625
88,beta,real,loss,1365.388671875
89,beta,real,loss,1364.8487548828125
90,beta,real,loss,1363.555908203125
91,beta,real,loss,1363.4957275390625
92,beta,real,loss,1363.656494140625
93,beta,real,loss,1362.96533203125
94,beta,real,loss,1361.5804443359375
95,beta,real,loss,1361.8138427734375
96,beta,real,loss,1361.3870849609375
97,beta,real,loss,1363.0352783203125
98,beta,real,loss,1359.57275390625
99,beta,real,loss,1361.4464111328125
100,beta,real,loss,1361.154541015625
101,beta,real,loss,1361.65478515625
102,beta,real,loss,1359.0579833984375
103,beta,real,loss,1358.4744873046875
104,beta,real,loss,1359.289794921875
105,beta,real,loss,1358.2763671875
106,beta,real,loss,1359.4801025390625
107,beta,real,loss,1358.5125732421875
108,beta,real,loss,1358.324462890625
109,beta,real,loss,1357.624267578125
110,beta,real,loss,1358.127197265625
111,beta,real,loss,1355.11572265625
112,beta,real,loss,1357.8297119140625
113,beta,real,loss,1357.7515869140625
114,beta,real,loss,1355.505126953125
115,beta,real,loss,1357.497802734375
116,beta,real,loss,1355.526611328125
117,beta,real,loss,1355.87841796875
118,beta,real,loss,1354.3319091796875
119,beta,real,loss,1354.001220703125
120,beta,real,loss,1354.1181640625
121,beta,real,loss,1353.668212890625
122,beta,real,loss,1353.6522216796875
123,beta,real,loss,1353.4063720703125
124,beta,real,loss,1353.9241943359375
125,beta,real,loss,1354.37841796875
126,beta,real,loss,1352.7142333984375
127,beta,real,loss,1352.192626953125
128,beta,real,loss,1352.4654541015625
129,beta,real,loss,1351.6953125
130,beta,real,loss,1352.304931640625
131,beta,real,loss,1351.791259765625
132,beta,real,loss,1352.165283203125
133,beta,real,loss,1350.977783203125
134,beta,real,loss,1350.76904296875
135,beta,real,loss,1352.016357421875
136,beta,real,loss,1350.0325927734375
137,beta,real,loss,1349.5277099609375
138,beta,real,loss,1348.97314453125
139,beta,real,loss,1349.0755615234375
140,beta,real,loss,1349.559326171875
141,beta,real,loss,1349.364501953125
142,beta,real,loss,1349.780517578125
143,beta,real,loss,1349.3482666015625
144,beta,real,loss,1348.89208984375
145,beta,real,loss,1347.8798828125
146,beta,real,loss,1348.6773681640625
147,beta,real,loss,1347.9774169921875
148,beta,real,loss,1348.4312744140625
149,beta,real,loss,1346.346923828125
150,beta,real,loss,1346.039306640625
151,beta,real,loss,1348.6220703125
152,beta,real,loss,1348.36669921875
153,beta,real,loss,1347.579345703125
154,beta,real,loss,1347.53564453125
155,beta,real,loss,1346.5020751953125
156,beta,real,loss,1346.190673828125
157,beta,real,loss,1346.96337890625
158,beta,real,loss,1346.5791015625
159,beta,real,loss,1345.1435546875
160,beta,real,loss,1346.7730712890625
161,beta,real,loss,1344.5185546875
162,beta,real,loss,1344.7498779296875
163,beta,real,loss,1345.0562744140625
164,beta,real,loss,1345.770751953125
165,beta,real,loss,1343.7825927734375
166,beta,real,loss,1343.981201171875
167,beta,real,loss,1343.791015625
168,beta,real,loss,1343.99267578125
169,beta,real,loss,1343.8004150390625
170,beta,real,loss,1342.6678466796875
171,beta,real,loss,1343.47705078125
172,beta,real,loss,1344.37353515625
173,beta,real,loss,1344.175537109375
174,beta,real,loss,1344.2880859375
175,beta,real,loss,1344.5936279296875
176,beta,real,loss,1342.723876953125
177,beta,real,loss,1343.09375
178,beta,real,loss,1341.758544921875
179,beta,real,loss,1343.841552734375
0,vanilla,real,loss,1465.1395263671875
1,vanilla,real,loss,1267.22705078125
2,vanilla,real,loss,1208.7855224609375
3,vanilla,real,loss,1175.4881591796875
4,vanilla,real,loss,1152.21044921875
5,vanilla,real,loss,1134.0343017578125
6,vanilla,real,loss,1118.4017333984375
7,vanilla,real,loss,1104.582763671875
8,vanilla,real,loss,1092.8052978515625
9,vanilla,real,loss,1082.826904296875
10,vanilla,real,loss,1072.7373046875
11,vanilla,real,loss,1064.5115966796875
12,vanilla,real,loss,1056.466796875
13,vanilla,real,loss,1048.9176025390625
14,vanilla,real,loss,1041.913818359375
15,vanilla,real,loss,1035.9398193359375
16,vanilla,real,loss,1030.226318359375
17,vanilla,real,loss,1023.6979370117188
18,vanilla,real,loss,1018.2998657226562
19,vanilla,real,loss,1012.9221801757812
20,vanilla,real,loss,1007.910888671875
21,vanilla,real,loss,1003.89892578125
22,vanilla,real,loss,998.5955810546876
23,vanilla,real,loss,995.1651611328124
24,vanilla,real,loss,991.347412109375
25,vanilla,real,loss,986.9989013671876
26,vanilla,real,loss,983.72607421875
27,vanilla,real,loss,979.9490966796876
28,vanilla,real,loss,977.2000732421876
29,vanilla,real,loss,973.4351806640624
30,vanilla,real,loss,970.7173461914062
31,vanilla,real,loss,966.8521728515624
32,vanilla,real,loss,965.0237426757812
33,vanilla,real,loss,961.8738403320312
34,vanilla,real,loss,958.0661010742188
35,vanilla,real,loss,955.8370971679688
36,vanilla,real,loss,953.3564453125
37,vanilla,real,loss,951.4080200195312
38,vanilla,real,loss,948.6698608398438
39,vanilla,real,loss,946.836669921875
40,vanilla,real,loss,944.3740234375
41,vanilla,real,loss,942.93310546875
42,vanilla,real,loss,940.8768920898438
43,vanilla,real,loss,938.517578125
44,vanilla,real,loss,936.58349609375
45,vanilla,real,loss,935.7083740234376
46,vanilla,real,loss,933.3397827148438
47,vanilla,real,loss,931.9818115234376
48,vanilla,real,loss,930.9008178710938
49,vanilla,real,loss,929.2076416015624
50,vanilla,real,loss,928.3939208984376
51,vanilla,real,loss,928.1065063476562
52,vanilla,real,loss,926.5556030273438
53,vanilla,real,loss,924.2691040039062
54,vanilla,real,loss,923.8916015625
55,vanilla,real,loss,922.9347534179688
56,vanilla,real,loss,922.174072265625
57,vanilla,real,loss,920.7377319335938
58,vanilla,real,loss,919.8511352539062
59,vanilla,real,loss,919.6802368164062
60,vanilla,real,loss,918.5352172851562
61,vanilla,real,loss,917.4979248046876
62,vanilla,real,loss,917.6289672851562
63,vanilla,real,loss,916.5446166992188
64,vanilla,real,loss,915.5692749023438
65,vanilla,real,loss,914.9344482421876
66,vanilla,real,loss,915.1590576171876
67,vanilla,real,loss,914.0664672851562
68,vanilla,real,loss,913.3389892578124
69,vanilla,real,loss,913.2924194335938
70,vanilla,real,loss,912.15380859375
71,vanilla,real,loss,911.7385864257812
72,vanilla,real,loss,911.0989379882812
73,vanilla,real,loss,910.9458618164062
74,vanilla,real,loss,910.85986328125
75,vanilla,real,loss,910.115966796875
76,vanilla,real,loss,909.3275146484376
77,vanilla,real,loss,909.1841430664062
78,vanilla,real,loss,909.115966796875
79,vanilla,real,loss,908.267333984375
80,vanilla,real,loss,907.5870971679688
81,vanilla,real,loss,907.9854125976562
82,vanilla,real,loss,906.8041381835938
83,vanilla,real,loss,906.6364135742188
84,vanilla,real,loss,907.1096801757812
85,vanilla,real,loss,906.8160400390624
86,vanilla,real,loss,905.7530517578124
87,vanilla,real,loss,905.8696899414062
88,vanilla,real,loss,904.9058227539062
89,vanilla,real,loss,905.5557861328124
90,vanilla,real,loss,904.6697998046876
91,vanilla,real,loss,904.4928588867188
92,vanilla,real,loss,904.3470458984376
93,vanilla,real,loss,903.8805541992188
94,vanilla,real,loss,902.7079467773438
95,vanilla,real,loss,903.76611328125
96,vanilla,real,loss,902.896728515625
97,vanilla,real,loss,902.8197631835938
98,vanilla,real,loss,902.5374145507812
99,vanilla,real,loss,901.7565307617188
100,vanilla,real,loss,902.0462646484376
101,vanilla,real,loss,901.956787109375
102,vanilla,real,loss,901.6342163085938
103,vanilla,real,loss,901.2144165039062
104,vanilla,real,loss,901.3905029296876
105,vanilla,real,loss,900.7069091796875
106,vanilla,real,loss,900.515869140625
107,vanilla,real,loss,900.5489501953125
108,vanilla,real,loss,899.9281616210938
109,vanilla,real,loss,899.9428100585938
110,vanilla,real,loss,899.72509765625
111,vanilla,real,loss,899.5983276367188
112,vanilla,real,loss,899.0659790039062
113,vanilla,real,loss,899.1250610351562
114,vanilla,real,loss,898.7183227539062
115,vanilla,real,loss,898.9124145507812
116,vanilla,real,loss,899.0192260742188
117,vanilla,real,loss,898.399658203125
118,vanilla,real,loss,898.3513793945312
119,vanilla,real,loss,898.2841186523438
120,vanilla,real,loss,897.4996948242188
121,vanilla,real,loss,896.9964599609375
122,vanilla,real,loss,897.4783325195312
123,vanilla,real,loss,897.1821899414062
124,vanilla,real,loss,896.4600830078125
125,vanilla,real,loss,896.5208740234375
126,vanilla,real,loss,897.1600952148438
127,vanilla,real,loss,897.0652465820312
128,vanilla,real,loss,896.29150390625
129,vanilla,real,loss,896.4330444335938
130,vanilla,real,loss,896.2013549804688
131,vanilla,real,loss,896.30615234375
132,vanilla,real,loss,895.935302734375
133,vanilla,real,loss,895.538818359375
134,vanilla,real,loss,895.5616455078125
135,vanilla,real,loss,895.1454467773438
136,vanilla,real,loss,895.2698974609375
137,vanilla,real,loss,895.02685546875
138,vanilla,real,loss,894.7410278320312
139,vanilla,real,loss,895.4336547851562
140,vanilla,real,loss,894.2531127929688
141,vanilla,real,loss,894.3480834960938
142,vanilla,real,loss,894.0628662109375
143,vanilla,real,loss,894.4585571289062
144,vanilla,real,loss,894.0723266601562
145,vanilla,real,loss,893.9168701171875
146,vanilla,real,loss,893.712646484375
147,vanilla,real,loss,893.6469116210938
148,vanilla,real,loss,893.7084350585938
149,vanilla,real,loss,893.7515258789062
150,vanilla,real,loss,893.710693359375
151,vanilla,real,loss,893.4717407226562
152,vanilla,real,loss,892.7767333984375
153,vanilla,real,loss,893.4188232421875
154,vanilla,real,loss,892.2963256835938
155,vanilla,real,loss,892.6092529296875
156,vanilla,real,loss,892.5084228515625
157,vanilla,real,loss,892.5816040039062
158,vanilla,real,loss,892.4679565429688
159,vanilla,real,loss,891.6304931640625
160,vanilla,real,loss,892.1220092773438
161,vanilla,real,loss,892.1958618164062
162,vanilla,real,loss,891.9473266601562
163,vanilla,real,loss,891.843017578125
164,vanilla,real,loss,891.7113037109375
165,vanilla,real,loss,891.3865356445312
166,vanilla,real,loss,890.9793090820312
167,vanilla,real,loss,891.206787109375
168,vanilla,real,loss,890.6722412109375
169,vanilla,real,loss,891.0445556640625
170,vanilla,real,loss,890.606689453125
171,vanilla,real,loss,890.7615966796875
172,vanilla,real,loss,891.5387573242188
173,vanilla,real,loss,890.2260131835938
174,vanilla,real,loss,890.7101440429688
175,vanilla,real,loss,890.2116088867188
176,vanilla,real,loss,890.488525390625
177,vanilla,real,loss,890.1788330078125
178,vanilla,real,loss,890.024169921875
179,vanilla,real,loss,889.78857421875
0,mmd,real,loss,6432.36376953125
1,mmd,real,loss,3242.560546875
2,mmd,real,loss,2847.80859375
3,mmd,real,loss,2771.039794921875
4,mmd,real,loss,2744.166259765625
5,mmd,real,loss,2699.64794921875
6,mmd,real,loss,2698.326904296875
7,mmd,real,loss,2647.770751953125
8,mmd,real,loss,2650.20068359375
9,mmd,real,loss,2627.0625
10,mmd,real,loss,2572.275634765625
11,mmd,real,loss,2567.77294921875
12,mmd,real,loss,2530.156494140625
13,mmd,real,loss,2549.89453125
14,mmd,real,loss,2517.701416015625
15,mmd,real,loss,2537.914794921875
16,mmd,real,loss,2495.679443359375
17,mmd,real,loss,2472.25537109375
18,mmd,real,loss,2467.5595703125
19,mmd,real,loss,2467.04150390625
20,mmd,real,loss,2457.62109375
21,mmd,real,loss,2426.069580078125
22,mmd,real,loss,2408.89013671875
23,mmd,real,loss,2398.28173828125
24,mmd,real,loss,2415.71923828125
25,mmd,real,loss,2345.3505859375
26,mmd,real,loss,2345.85107421875
27,mmd,real,loss,2317.770751953125
28,mmd,real,loss,2331.536865234375
29,mmd,real,loss,2300.9267578125
0,beta,shuffled,loss,2928.43603515625
1,beta,shuffled,loss,2269.991943359375
2,beta,shuffled,loss,2173.19677734375
3,beta,shuffled,loss,2147.908447265625
4,beta,shuffled,loss,2131.90576171875
5,beta,shuffled,loss,2119.29443359375
6,beta,shuffled,loss,2108.486083984375
7,beta,shuffled,loss,2099.229248046875
8,beta,shuffled,loss,2091.225830078125
9,beta,shuffled,loss,2084.675537109375
10,beta,shuffled,loss,2079.220703125
11,beta,shuffled,loss,2074.809814453125
12,beta,shuffled,loss,2071.04541015625
13,beta,shuffled,loss,2067.854736328125
14,beta,shuffled,loss,2065.024658203125
15,beta,shuffled,loss,2062.57421875
16,beta,shuffled,loss,2060.50341796875
17,beta,shuffled,loss,2058.803955078125
18,beta,shuffled,loss,2057.456298828125
19,beta,shuffled,loss,2056.462158203125
20,beta,shuffled,loss,2055.7392578125
21,beta,shuffled,loss,2055.22998046875
22,beta,shuffled,loss,2054.856689453125
23,beta,shuffled,loss,2054.623046875
24,beta,shuffled,loss,2054.48828125
25,beta,shuffled,loss,2054.419921875
26,beta,shuffled,loss,2054.36083984375
27,beta,shuffled,loss,2054.334716796875
28,beta,shuffled,loss,2054.32421875
29,beta,shuffled,loss,2054.3115234375
30,beta,shuffled,loss,2054.307373046875
31,beta,shuffled,loss,2054.318603515625
32,beta,shuffled,loss,2054.31640625
33,beta,shuffled,loss,2054.3212890625
34,beta,shuffled,loss,2054.31787109375
35,beta,shuffled,loss,2054.317626953125
36,beta,shuffled,loss,2054.310791015625
37,beta,shuffled,loss,2054.3271484375
38,beta,shuffled,loss,2054.314208984375
39,beta,shuffled,loss,2054.3203125
40,beta,shuffled,loss,2054.317138671875
41,beta,shuffled,loss,2054.326171875
42,beta,shuffled,loss,2054.311279296875
43,beta,shuffled,loss,2054.319091796875
44,beta,shuffled,loss,2054.318603515625
45,beta,shuffled,loss,2054.31298828125
46,beta,shuffled,loss,2054.31201171875
47,beta,shuffled,loss,2054.3115234375
48,beta,shuffled,loss,2054.315185546875
49,beta,shuffled,loss,2054.30517578125
50,beta,shuffled,loss,2054.31884765625
51,beta,shuffled,loss,2054.30810546875
52,beta,shuffled,loss,2054.302490234375
53,beta,shuffled,loss,2054.30224609375
54,beta,shuffled,loss,2054.30322265625
55,beta,shuffled,loss,2054.299560546875
56,beta,shuffled,loss,2054.309326171875
57,beta,shuffled,loss,2054.293212890625
58,beta,shuffled,loss,2054.302001953125
59,beta,shuffled,loss,2054.294189453125
60,beta,shuffled,loss,2054.30078125
61,beta,shuffled,loss,2054.29248046875
62,beta,shuffled,loss,2054.29150390625
63,beta,shuffled,loss,2054.3046875
64,beta,shuffled,loss,2054.28857421875
65,beta,shuffled,loss,2054.290283203125
66,beta,shuffled,loss,2054.286376953125
67,beta,shuffled,loss,2054.28369140625
68,beta,shuffled,loss,2054.28173828125
69,beta,shuffled,loss,2054.27587890625
70,beta,shuffled,loss,2054.293701171875
71,beta,shuffled,loss,2054.281982421875
72,beta,shuffled,loss,2054.27294921875
73,beta,shuffled,loss,2054.27099609375
74,beta,shuffled,loss,2054.281982421875
75,beta,shuffled,loss,2054.27587890625
76,beta,shuffled,loss,2054.26904296875
77,beta,shuffled,loss,2054.2744140625
78,beta,shuffled,loss,2054.27587890625
79,beta,shuffled,loss,2054.2763671875
80,beta,shuffled,loss,2054.275390625
81,beta,shuffled,loss,2054.279052734375
82,beta,shuffled,loss,2054.27099609375
83,beta,shuffled,loss,2054.272216796875
84,beta,shuffled,loss,2054.258544921875
85,beta,shuffled,loss,2054.27294921875
86,beta,shuffled,loss,2054.25439453125
87,beta,shuffled,loss,2054.26806640625
88,beta,shuffled,loss,2054.269775390625
89,beta,shuffled,loss,2054.26318359375
90,beta,shuffled,loss,2054.261474609375
91,beta,shuffled,loss,2054.273193359375
92,beta,shuffled,loss,2054.256103515625
93,beta,shuffled,loss,2054.27490234375
94,beta,shuffled,loss,2054.2607421875
95,beta,shuffled,loss,2054.260009765625
96,beta,shuffled,loss,2054.26708984375
97,beta,shuffled,loss,2054.26904296875
98,beta,shuffled,loss,2054.2568359375
99,beta,shuffled,loss,2054.2568359375
100,beta,shuffled,loss,2054.262451171875
101,beta,shuffled,loss,2054.260009765625
102,beta,shuffled,loss,2054.258544921875
103,beta,shuffled,loss,2054.267578125
104,beta,shuffled,loss,2054.25341796875
105,beta,shuffled,loss,2054.25537109375
106,beta,shuffled,loss,2054.2548828125
107,beta,shuffled,loss,2054.259765625
108,beta,shuffled,loss,2054.264892578125
109,beta,shuffled,loss,2054.247802734375
110,beta,shuffled,loss,2054.252685546875
111,beta,shuffled,loss,2054.256103515625
112,beta,shuffled,loss,2054.251708984375
113,beta,shuffled,loss,2054.25634765625
114,beta,shuffled,loss,2054.2509765625
115,beta,shuffled,loss,2054.257568359375
116,beta,shuffled,loss,2054.24609375
117,beta,shuffled,loss,2054.248291015625
118,beta,shuffled,loss,2054.240966796875
119,beta,shuffled,loss,2054.251953125
120,beta,shuffled,loss,2054.253173828125
121,beta,shuffled,loss,2054.245849609375
122,beta,shuffled,loss,2054.2421875
123,beta,shuffled,loss,2054.24560546875
124,beta,shuffled,loss,2054.242919921875
125,beta,shuffled,loss,2054.23876953125
126,beta,shuffled,loss,2054.234375
127,beta,shuffled,loss,2054.239990234375
128,beta,shuffled,loss,2054.2392578125
129,beta,shuffled,loss,2054.23486328125
130,beta,shuffled,loss,2054.230712890625
131,beta,shuffled,loss,2054.2333984375
132,beta,shuffled,loss,2054.2392578125
133,beta,shuffled,loss,2054.227294921875
134,beta,shuffled,loss,2054.23828125
135,beta,shuffled,loss,2054.22900390625
136,beta,shuffled,loss,2054.2373046875
137,beta,shuffled,loss,2054.222900390625
138,beta,shuffled,loss,2054.233642578125
139,beta,shuffled,loss,2054.2353515625
140,beta,shuffled,loss,2054.2294921875
141,beta,shuffled,loss,2054.23291015625
142,beta,shuffled,loss,2054.224365234375
143,beta,shuffled,loss,2054.226318359375
144,beta,shuffled,loss,2054.218505859375
145,beta,shuffled,loss,2054.238037109375
146,beta,shuffled,loss,2054.220458984375
147,beta,shuffled,loss,2054.22509765625
148,beta,shuffled,loss,2054.233154296875
149,beta,shuffled,loss,2054.23095703125
150,beta,shuffled,loss,2054.23046875
151,beta,shuffled,loss,2054.22705078125
152,beta,shuffled,loss,2054.223388671875
153,beta,shuffled,loss,2054.2333984375
154,beta,shuffled,loss,2054.225830078125
155,beta,shuffled,loss,2054.22607421875
156,beta,shuffled,loss,2054.2294921875
157,beta,shuffled,loss,2054.224609375
158,beta,shuffled,loss,2054.23388671875
159,beta,shuffled,loss,2054.224609375
160,beta,shuffled,loss,2054.227783203125
161,beta,shuffled,loss,2054.22607421875
162,beta,shuffled,loss,2054.228759765625
163,beta,shuffled,loss,2054.224365234375
164,beta,shuffled,loss,2054.22314453125
165,beta,shuffled,loss,2054.22607421875
166,beta,shuffled,loss,2054.22216796875
167,beta,shuffled,loss,2054.225830078125
168,beta,shuffled,loss,2054.228759765625
169,beta,shuffled,loss,2054.23046875
170,beta,shuffled,loss,2054.224853515625
171,beta,shuffled,loss,2054.2216796875
172,beta,shuffled,loss,2054.2255859375
173,beta,shuffled,loss,2054.22705078125
174,beta,shuffled,loss,2054.22509765625
175,beta,shuffled,loss,2054.22900390625
176,beta,shuffled,loss,2054.2177734375
177,beta,shuffled,loss,2054.22607421875
178,beta,shuffled,loss,2054.22900390625
179,beta,shuffled,loss,2054.226806640625
0,vanilla,shuffled,loss,2066.63720703125
1,vanilla,shuffled,loss,2006.326171875
2,vanilla,shuffled,loss,1967.0247802734373
3,vanilla,shuffled,loss,1947.7635498046875
4,vanilla,shuffled,loss,1935.848388671875
5,vanilla,shuffled,loss,1926.9285888671875
6,vanilla,shuffled,loss,1919.4339599609373
7,vanilla,shuffled,loss,1912.8958740234373
8,vanilla,shuffled,loss,1906.962646484375
9,vanilla,shuffled,loss,1901.705078125
10,vanilla,shuffled,loss,1896.783447265625
11,vanilla,shuffled,loss,1892.1636962890625
12,vanilla,shuffled,loss,1887.240966796875
13,vanilla,shuffled,loss,1882.3402099609373
14,vanilla,shuffled,loss,1877.20361328125
15,vanilla,shuffled,loss,1872.129638671875
16,vanilla,shuffled,loss,1867.1932373046875
17,vanilla,shuffled,loss,1862.7900390625
18,vanilla,shuffled,loss,1858.764404296875
19,vanilla,shuffled,loss,1854.9110107421875
20,vanilla,shuffled,loss,1851.1217041015625
21,vanilla,shuffled,loss,1847.6239013671875
22,vanilla,shuffled,loss,1844.4117431640625
23,vanilla,shuffled,loss,1841.40380859375
24,vanilla,shuffled,loss,1838.5987548828125
25,vanilla,shuffled,loss,1835.7415771484373
26,vanilla,shuffled,loss,1833.1064453125
27,vanilla,shuffled,loss,1830.3468017578125
28,vanilla,shuffled,loss,1827.7989501953125
29,vanilla,shuffled,loss,1825.4091796875
30,vanilla,shuffled,loss,1823.1824951171875
31,vanilla,shuffled,loss,1820.8206787109373
32,vanilla,shuffled,loss,1818.6611328125
33,vanilla,shuffled,loss,1816.5133056640625
34,vanilla,shuffled,loss,1814.4652099609373
35,vanilla,shuffled,loss,1812.5321044921875
36,vanilla,shuffled,loss,1810.5213623046875
37,vanilla,shuffled,loss,1808.5687255859373
38,vanilla,shuffled,loss,1806.7144775390625
39,vanilla,shuffled,loss,1804.8570556640625
40,vanilla,shuffled,loss,1803.1953125
41,vanilla,shuffled,loss,1801.6170654296875
42,vanilla,shuffled,loss,1800.042724609375
43,vanilla,shuffled,loss,1798.451171875
44,vanilla,shuffled,loss,1796.998779296875
45,vanilla,shuffled,loss,1795.642333984375
46,vanilla,shuffled,loss,1794.2362060546875
47,vanilla,shuffled,loss,1792.97021484375
48,vanilla,shuffled,loss,1791.6898193359375
49,vanilla,shuffled,loss,1790.4703369140625
50,vanilla,shuffled,loss,1789.3011474609375
51,vanilla,shuffled,loss,1788.150634765625
52,vanilla,shuffled,loss,1787.124755859375
53,vanilla,shuffled,loss,1785.9520263671875
54,vanilla,shuffled,loss,1785.1412353515625
55,vanilla,shuffled,loss,1784.1241455078125
56,vanilla,shuffled,loss,1783.2901611328125
57,vanilla,shuffled,loss,1782.4281005859375
58,vanilla,shuffled,loss,1781.6885986328125
59,vanilla,shuffled,loss,1780.8504638671875
60,vanilla,shuffled,loss,1779.966796875
61,vanilla,shuffled,loss,1779.31982421875
62,vanilla,shuffled,loss,1778.6090087890625
63,vanilla,shuffled,loss,1777.7972412109375
64,vanilla,shuffled,loss,1777.070556640625
65,vanilla,shuffled,loss,1776.4337158203125
66,vanilla,shuffled,loss,1775.681884765625
67,vanilla,shuffled,loss,1775.1446533203125
68,vanilla,shuffled,loss,1774.411865234375
69,vanilla,shuffled,loss,1773.8924560546875
70,vanilla,shuffled,loss,1773.2613525390625
71,vanilla,shuffled,loss,1772.580810546875
72,vanilla,shuffled,loss,1772.046875
73,vanilla,shuffled,loss,1771.3809814453125
74,vanilla,shuffled,loss,1770.8819580078125
75,vanilla,shuffled,loss,1770.3848876953125
76,vanilla,shuffled,loss,1769.7855224609375
77,vanilla,shuffled,loss,1769.28369140625
78,vanilla,shuffled,loss,1768.8863525390625
79,vanilla,shuffled,loss,1768.4180908203125
80,vanilla,shuffled,loss,1768.002685546875
81,vanilla,shuffled,loss,1767.5762939453125
82,vanilla,shuffled,loss,1767.0946044921875
83,vanilla,shuffled,loss,1766.5830078125
84,vanilla,shuffled,loss,1766.217529296875
85,vanilla,shuffled,loss,1765.7667236328125
86,vanilla,shuffled,loss,1765.4129638671875
87,vanilla,shuffled,loss,1764.9599609375
88,vanilla,shuffled,loss,1764.585205078125
89,vanilla,shuffled,loss,1764.11572265625
90,vanilla,shuffled,loss,1763.740966796875
91,vanilla,shuffled,loss,1763.3427734375
92,vanilla,shuffled,loss,1762.9818115234375
93,vanilla,shuffled,loss,1762.5189208984375
94,vanilla,shuffled,loss,1762.1907958984375
95,vanilla,shuffled,loss,1761.9022216796875
96,vanilla,shuffled,loss,1761.448486328125
97,vanilla,shuffled,loss,1761.0294189453125
98,vanilla,shuffled,loss,1760.7142333984375
99,vanilla,shuffled,loss,1760.319580078125
100,vanilla,shuffled,loss,1759.8934326171875
101,vanilla,shuffled,loss,1759.6077880859375
102,vanilla,shuffled,loss,1759.2069091796875
103,vanilla,shuffled,loss,1758.9046630859375
104,vanilla,shuffled,loss,1758.392578125
105,vanilla,shuffled,loss,1758.2271728515625
106,vanilla,shuffled,loss,1757.9625244140625
107,vanilla,shuffled,loss,1757.5849609375
108,vanilla,shuffled,loss,1757.296875
109,vanilla,shuffled,loss,1756.984375
110,vanilla,shuffled,loss,1756.72900390625
111,vanilla,shuffled,loss,1756.4324951171875
112,vanilla,shuffled,loss,1756.15283203125
113,vanilla,shuffled,loss,1755.8468017578125
114,vanilla,shuffled,loss,1755.6207275390625
115,vanilla,shuffled,loss,1755.2791748046875
116,vanilla,shuffled,loss,1755.10009765625
117,vanilla,shuffled,loss,1754.84765625
118,vanilla,shuffled,loss,1754.529052734375
119,vanilla,shuffled,loss,1754.18994140625
120,vanilla,shuffled,loss,1754.0084228515625
121,vanilla,shuffled,loss,1753.9029541015625
122,vanilla,shuffled,loss,1753.7122802734375
123,vanilla,shuffled,loss,1753.3582763671875
124,vanilla,shuffled,loss,1753.1644287109375
125,vanilla,shuffled,loss,1752.96337890625
126,vanilla,shuffled,loss,1752.73291015625
127,vanilla,shuffled,loss,1752.5465087890625
128,vanilla,shuffled,loss,1752.349365234375
129,vanilla,shuffled,loss,1752.1141357421875
130,vanilla,shuffled,loss,1751.8065185546875
131,vanilla,shuffled,loss,1751.6553955078125
132,vanilla,shuffled,loss,1751.479736328125
133,vanilla,shuffled,loss,1751.227294921875
134,vanilla,shuffled,loss,1751.161865234375
135,vanilla,shuffled,loss,1750.8289794921875
136,vanilla,shuffled,loss,1750.4686279296875
137,vanilla,shuffled,loss,1750.519775390625
138,vanilla,shuffled,loss,1750.1868896484375
139,vanilla,shuffled,loss,1749.982666015625
140,vanilla,shuffled,loss,1749.769775390625
141,vanilla,shuffled,loss,1749.6173095703125
142,vanilla,shuffled,loss,1749.3536376953125
143,vanilla,shuffled,loss,1749.046875
144,vanilla,shuffled,loss,1748.7657470703125
145,vanilla,shuffled,loss,1748.7093505859375
146,vanilla,shuffled,loss,1748.5682373046875
147,vanilla,shuffled,loss,1748.288818359375
148,vanilla,shuffled,loss,1748.031982421875
149,vanilla,shuffled,loss,1747.8143310546875
150,vanilla,shuffled,loss,1747.6727294921875
151,vanilla,shuffled,loss,1747.47509765625
152,vanilla,shuffled,loss,1747.178466796875
153,vanilla,shuffled,loss,1747.044189453125
154,vanilla,shuffled,loss,1746.76513671875
155,vanilla,shuffled,loss,1746.582275390625
156,vanilla,shuffled,loss,1746.4595947265625
157,vanilla,shuffled,loss,1746.23486328125
158,vanilla,shuffled,loss,1746.0628662109375
159,vanilla,shuffled,loss,1745.875
160,vanilla,shuffled,loss,1745.7034912109375
161,vanilla,shuffled,loss,1745.552001953125
162,vanilla,shuffled,loss,1745.34619140625
163,vanilla,shuffled,loss,1745.152587890625
164,vanilla,shuffled,loss,1744.9923095703125
165,vanilla,shuffled,loss,1744.86669921875
166,vanilla,shuffled,loss,1744.6669921875
167,vanilla,shuffled,loss,1744.4742431640625
168,vanilla,shuffled,loss,1744.4276123046875
169,vanilla,shuffled,loss,1744.2083740234375
170,vanilla,shuffled,loss,1744.0286865234375
171,vanilla,shuffled,loss,1743.8353271484375
172,vanilla,shuffled,loss,1743.6947021484375
173,vanilla,shuffled,loss,1743.6497802734375
174,vanilla,shuffled,loss,1743.23291015625
175,vanilla,shuffled,loss,1743.21630859375
176,vanilla,shuffled,loss,1743.0885009765625
177,vanilla,shuffled,loss,1742.880615234375
178,vanilla,shuffled,loss,1742.6663818359375
179,vanilla,shuffled,loss,1742.6551513671875
0,mmd,shuffled,loss,18623.33203125
1,mmd,shuffled,loss,7028.4111328125
2,mmd,shuffled,loss,4092.050048828125
3,mmd,shuffled,loss,3506.26513671875
4,mmd,shuffled,loss,3330.15771484375
5,mmd,shuffled,loss,3281.18017578125
6,mmd,shuffled,loss,3210.435302734375
7,mmd,shuffled,loss,3201.251220703125
8,mmd,shuffled,loss,3185.552490234375
9,mmd,shuffled,loss,3175.064697265625
10,mmd,shuffled,loss,3158.22314453125
11,mmd,shuffled,loss,3164.79638671875
12,mmd,shuffled,loss,3136.809814453125
13,mmd,shuffled,loss,3147.13330078125
14,mmd,shuffled,loss,3128.3720703125
15,mmd,shuffled,loss,3131.656982421875
16,mmd,shuffled,loss,3107.02587890625
17,mmd,shuffled,loss,3110.38330078125
18,mmd,shuffled,loss,3113.176025390625
19,mmd,shuffled,loss,3113.498291015625
20,mmd,shuffled,loss,3114.251708984375
21,mmd,shuffled,loss,3114.7568359375
22,mmd,shuffled,loss,3077.444091796875
23,mmd,shuffled,loss,3107.68212890625
24,mmd,shuffled,loss,3103.122802734375
25,mmd,shuffled,loss,3092.7548828125
26,mmd,shuffled,loss,3091.7939453125
27,mmd,shuffled,loss,3084.1904296875
28,mmd,shuffled,loss,3087.357177734375
29,mmd,shuffled,loss,3106.414306640625
0,beta,real,val_loss,1802.130859375
1,beta,real,val_loss,1683.7269287109375
2,beta,real,val_loss,1632.7266845703125
3,beta,real,val_loss,1605.0394287109375
4,beta,real,val_loss,1580.5557861328125
5,beta,real,val_loss,1560.5330810546875
6,beta,real,val_loss,1545.1407470703125
7,beta,real,val_loss,1536.5537109375
8,beta,real,val_loss,1525.4417724609375
9,beta,real,val_loss,1515.4461669921875
10,beta,real,val_loss,1509.86328125
11,beta,real,val_loss,1501.4962158203125
12,beta,real,val_loss,1502.1959228515625
13,beta,real,val_loss,1496.7471923828125
14,beta,real,val_loss,1498.0615234375
15,beta,real,val_loss,1494.64697265625
16,beta,real,val_loss,1474.18115234375
17,beta,real,val_loss,1472.7349853515625
18,beta,real,val_loss,1471.2391357421875
19,beta,real,val_loss,1495.919921875
20,beta,real,val_loss,1458.25048828125
21,beta,real,val_loss,1451.1265869140625
22,beta,real,val_loss,1449.3350830078125
23,beta,real,val_loss,1452.0264892578125
24,beta,real,val_loss,1439.4923095703125
25,beta,real,val_loss,1437.9610595703125
26,beta,real,val_loss,1436.3758544921875
27,beta,real,val_loss,1431.8948974609375
28,beta,real,val_loss,1430.080078125
29,beta,real,val_loss,1427.1600341796875
30,beta,real,val_loss,1426.8897705078125
31,beta,real,val_loss,1419.62744140625
32,beta,real,val_loss,1420.3468017578125
33,beta,real,val_loss,1421.7608642578125
34,beta,real,val_loss,1423.7431640625
35,beta,real,val_loss,1412.9031982421875
36,beta,real,val_loss,1408.4984130859375
37,beta,real,val_loss,1408.27294921875
38,beta,real,val_loss,1411.9105224609375
39,beta,real,val_loss,1404.4483642578125
40,beta,real,val_loss,1405.9229736328125
41,beta,real,val_loss,1402.6558837890625
42,beta,real,val_loss,1413.03857421875
43,beta,real,val_loss,1399.9508056640625
44,beta,real,val_loss,1398.27685546875
45,beta,real,val_loss,1397.9810791015625
46,beta,real,val_loss,1397.9122314453125
47,beta,real,val_loss,1394.72216796875
48,beta,real,val_loss,1396.2784423828125
49,beta,real,val_loss,1389.6678466796875
50,beta,real,val_loss,1391.498046875
51,beta,real,val_loss,1388.1343994140625
52,beta,real,val_loss,1386.33544921875
53,beta,real,val_loss,1383.75439453125
54,beta,real,val_loss,1384.7496337890625
55,beta,real,val_loss,1394.28955078125
56,beta,real,val_loss,1381.91015625
57,beta,real,val_loss,1382.36669921875
58,beta,real,val_loss,1381.8863525390625
59,beta,real,val_loss,1380.810546875
60,beta,real,val_loss,1379.01220703125
61,beta,real,val_loss,1377.7117919921875
62,beta,real,val_loss,1382.5443115234375
63,beta,real,val_loss,1376.6976318359375
64,beta,real,val_loss,1374.5057373046875
65,beta,real,val_loss,1379.2515869140625
66,beta,real,val_loss,1375.7305908203125
67,beta,real,val_loss,1374.09033203125
68,beta,real,val_loss,1385.4229736328125
69,beta,real,val_loss,1371.9178466796875
70,beta,real,val_loss,1373.6900634765625
71,beta,real,val_loss,1372.3271484375
72,beta,real,val_loss,1377.2916259765625
73,beta,real,val_loss,1370.4019775390625
74,beta,real,val_loss,1372.3892822265625
75,beta,real,val_loss,1367.5537109375
76,beta,real,val_loss,1368.3486328125
77,beta,real,val_loss,1368.2725830078125
78,beta,real,val_loss,1367.7943115234375
79,beta,real,val_loss,1367.6258544921875
80,beta,real,val_loss,1366.4755859375
81,beta,real,val_loss,1368.2698974609375
82,beta,real,val_loss,1370.6053466796875
83,beta,real,val_loss,1367.7069091796875
84,beta,real,val_loss,1367.4599609375
85,beta,real,val_loss,1365.9239501953125
86,beta,real,val_loss,1362.714111328125
87,beta,real,val_loss,1366.2823486328125
88,beta,real,val_loss,1364.4930419921875
89,beta,real,val_loss,1362.5364990234375
90,beta,real,val_loss,1365.2545166015625
91,beta,real,val_loss,1365.4986572265625
92,beta,real,val_loss,1359.66650390625
93,beta,real,val_loss,1361.5926513671875
94,beta,real,val_loss,1358.91845703125
95,beta,real,val_loss,1359.268798828125
96,beta,real,val_loss,1359.3829345703125
97,beta,real,val_loss,1363.5277099609375
98,beta,real,val_loss,1358.2855224609375
99,beta,real,val_loss,1362.6983642578125
100,beta,real,val_loss,1360.7510986328125
101,beta,real,val_loss,1358.7156982421875
102,beta,real,val_loss,1360.405517578125
103,beta,real,val_loss,1358.5960693359375
104,beta,real,val_loss,1361.7347412109375
105,beta,real,val_loss,1357.0330810546875
106,beta,real,val_loss,1358.5963134765625
107,beta,real,val_loss,1359.0279541015625
108,beta,real,val_loss,1361.0323486328125
109,beta,real,val_loss,1358.1954345703125
110,beta,real,val_loss,1358.7786865234375
111,beta,real,val_loss,1360.329833984375
112,beta,real,val_loss,1358.388427734375
113,beta,real,val_loss,1361.8177490234375
114,beta,real,val_loss,1358.6290283203125
115,beta,real,val_loss,1357.5274658203125
116,beta,real,val_loss,1355.8135986328125
117,beta,real,val_loss,1353.7843017578125
118,beta,real,val_loss,1353.3656005859375
119,beta,real,val_loss,1356.042236328125
120,beta,real,val_loss,1357.8187255859375
121,beta,real,val_loss,1355.6826171875
122,beta,real,val_loss,1356.57666015625
123,beta,real,val_loss,1352.904541015625
124,beta,real,val_loss,1355.8741455078125
125,beta,real,val_loss,1353.2889404296875
126,beta,real,val_loss,1352.001953125
127,beta,real,val_loss,1353.919677734375
128,beta,real,val_loss,1353.3426513671875
129,beta,real,val_loss,1353.294677734375
130,beta,real,val_loss,1356.7330322265625
131,beta,real,val_loss,1355.781005859375
132,beta,real,val_loss,1352.767578125
133,beta,real,val_loss,1352.3170166015625
134,beta,real,val_loss,1351.9119873046875
135,beta,real,val_loss,1352.7322998046875
136,beta,real,val_loss,1350.8077392578125
137,beta,real,val_loss,1351.6051025390625
138,beta,real,val_loss,1348.43994140625
139,beta,real,val_loss,1354.8348388671875
140,beta,real,val_loss,1349.3055419921875
141,beta,real,val_loss,1356.2384033203125
142,beta,real,val_loss,1349.8690185546875
143,beta,real,val_loss,1352.512451171875
144,beta,real,val_loss,1349.9429931640625
145,beta,real,val_loss,1355.1126708984375
146,beta,real,val_loss,1349.6776123046875
147,beta,real,val_loss,1347.8739013671875
148,beta,real,val_loss,1349.09716796875
149,beta,real,val_loss,1348.7393798828125
150,beta,real,val_loss,1347.7105712890625
151,beta,real,val_loss,1351.56494140625
152,beta,real,val_loss,1346.2037353515625
153,beta,real,val_loss,1350.0101318359375
154,beta,real,val_loss,1346.5599365234375
155,beta,real,val_loss,1348.352294921875
156,beta,real,val_loss,1349.1104736328125
157,beta,real,val_loss,1351.5413818359375
158,beta,real,val_loss,1346.934814453125
159,beta,real,val_loss,1350.7747802734375
160,beta,real,val_loss,1349.9886474609375
161,beta,real,val_loss,1348.2747802734375
162,beta,real,val_loss,1349.6790771484375
163,beta,real,val_loss,1347.9195556640625
164,beta,real,val_loss,1349.5965576171875
165,beta,real,val_loss,1350.4239501953125
166,beta,real,val_loss,1349.6444091796875
167,beta,real,val_loss,1348.0079345703125
168,beta,real,val_loss,1345.378662109375
169,beta,real,val_loss,1347.28369140625
170,beta,real,val_loss,1344.7894287109375
171,beta,real,val_loss,1344.517822265625
172,beta,real,val_loss,1346.6195068359375
173,beta,real,val_loss,1348.8160400390625
174,beta,real,val_loss,1345.7120361328125
175,beta,real,val_loss,1348.2935791015625
176,beta,real,val_loss,1348.22216796875
177,beta,real,val_loss,1354.5819091796875
178,beta,real,val_loss,1351.0499267578125
179,beta,real,val_loss,1345.078125
0,vanilla,real,val_loss,1317.5147705078125
1,vanilla,real,val_loss,1230.313232421875
2,vanilla,real,val_loss,1189.0228271484375
3,vanilla,real,val_loss,1162.8507080078125
4,vanilla,real,val_loss,1149.570068359375
5,vanilla,real,val_loss,1136.2261962890625
6,vanilla,real,val_loss,1124.992919921875
7,vanilla,real,val_loss,1104.62255859375
8,vanilla,real,val_loss,1092.74365234375
9,vanilla,real,val_loss,1087.1099853515625
10,vanilla,real,val_loss,1075.2484130859375
11,vanilla,real,val_loss,1066.4747314453125
12,vanilla,real,val_loss,1060.1192626953125
13,vanilla,real,val_loss,1060.3067626953125
14,vanilla,real,val_loss,1049.7515869140625
15,vanilla,real,val_loss,1042.23974609375
16,vanilla,real,val_loss,1037.5982666015625
17,vanilla,real,val_loss,1033.15673828125
18,vanilla,real,val_loss,1028.4923095703125
19,vanilla,real,val_loss,1021.5643920898438
20,vanilla,real,val_loss,1018.3243408203124
21,vanilla,real,val_loss,1018.6748046875
22,vanilla,real,val_loss,1011.0986938476562
23,vanilla,real,val_loss,1008.3496704101562
24,vanilla,real,val_loss,1002.1725463867188
25,vanilla,real,val_loss,1001.2411499023438
26,vanilla,real,val_loss,995.27978515625
27,vanilla,real,val_loss,996.36572265625
28,vanilla,real,val_loss,988.9840087890624
29,vanilla,real,val_loss,985.6492919921876
30,vanilla,real,val_loss,987.0449829101562
31,vanilla,real,val_loss,979.4468994140624
32,vanilla,real,val_loss,979.9964599609376
33,vanilla,real,val_loss,976.0831909179688
34,vanilla,real,val_loss,973.2981567382812
35,vanilla,real,val_loss,970.9243774414062
36,vanilla,real,val_loss,970.736328125
37,vanilla,real,val_loss,966.8787841796876
38,vanilla,real,val_loss,964.9993896484376
39,vanilla,real,val_loss,962.0060424804688
40,vanilla,real,val_loss,962.6998901367188
41,vanilla,real,val_loss,959.5907592773438
42,vanilla,real,val_loss,958.7554321289062
43,vanilla,real,val_loss,957.6106567382812
44,vanilla,real,val_loss,952.838623046875
45,vanilla,real,val_loss,951.0132446289062
46,vanilla,real,val_loss,951.549072265625
47,vanilla,real,val_loss,948.4443969726562
48,vanilla,real,val_loss,949.7943115234376
49,vanilla,real,val_loss,946.7348022460938
50,vanilla,real,val_loss,946.8741455078124
51,vanilla,real,val_loss,945.8673706054688
52,vanilla,real,val_loss,946.089111328125
53,vanilla,real,val_loss,940.9491577148438
54,vanilla,real,val_loss,943.039306640625
55,vanilla,real,val_loss,942.4476318359376
56,vanilla,real,val_loss,940.1821899414062
57,vanilla,real,val_loss,938.3514404296876
58,vanilla,real,val_loss,941.6759643554688
59,vanilla,real,val_loss,936.6471557617188
60,vanilla,real,val_loss,936.37890625
61,vanilla,real,val_loss,938.0662231445312
62,vanilla,real,val_loss,935.1019897460938
63,vanilla,real,val_loss,935.122314453125
64,vanilla,real,val_loss,936.1067504882812
65,vanilla,real,val_loss,934.1248779296876
66,vanilla,real,val_loss,934.3529052734376
67,vanilla,real,val_loss,940.4960327148438
68,vanilla,real,val_loss,932.1581420898438
69,vanilla,real,val_loss,932.0396728515624
70,vanilla,real,val_loss,933.753173828125
71,vanilla,real,val_loss,931.1937866210938
72,vanilla,real,val_loss,931.1632080078124
73,vanilla,real,val_loss,931.2651977539062
74,vanilla,real,val_loss,930.927978515625
75,vanilla,real,val_loss,931.0022583007812
76,vanilla,real,val_loss,930.0375366210938
77,vanilla,real,val_loss,929.0939331054688
78,vanilla,real,val_loss,929.4517822265624
79,vanilla,real,val_loss,928.6419067382812
80,vanilla,real,val_loss,928.0416870117188
81,vanilla,real,val_loss,931.8338623046876
82,vanilla,real,val_loss,931.1142578125
83,vanilla,real,val_loss,930.5543212890624
84,vanilla,real,val_loss,930.3153686523438
85,vanilla,real,val_loss,927.310302734375
86,vanilla,real,val_loss,927.3123168945312
87,vanilla,real,val_loss,926.385009765625
88,vanilla,real,val_loss,927.9827270507812
89,vanilla,real,val_loss,930.1109008789062
90,vanilla,real,val_loss,926.81005859375
91,vanilla,real,val_loss,926.0770263671876
92,vanilla,real,val_loss,924.9481811523438
93,vanilla,real,val_loss,925.876220703125
94,vanilla,real,val_loss,926.4773559570312
95,vanilla,real,val_loss,925.89013671875
96,vanilla,real,val_loss,925.3489990234376
97,vanilla,real,val_loss,929.2862548828124
98,vanilla,real,val_loss,923.4488525390624
99,vanilla,real,val_loss,925.38720703125
100,vanilla,real,val_loss,925.2626953125
101,vanilla,real,val_loss,923.3312377929688
102,vanilla,real,val_loss,923.3989868164062
103,vanilla,real,val_loss,924.5331420898438
104,vanilla,real,val_loss,926.1895751953124
105,vanilla,real,val_loss,923.3961181640624
106,vanilla,real,val_loss,923.3363037109376
107,vanilla,real,val_loss,924.6214599609376
108,vanilla,real,val_loss,923.2965698242188
109,vanilla,real,val_loss,923.6430053710938
110,vanilla,real,val_loss,921.86572265625
111,vanilla,real,val_loss,921.2474365234376
112,vanilla,real,val_loss,922.1450805664062
113,vanilla,real,val_loss,924.1109619140624
114,vanilla,real,val_loss,922.8381958007812
115,vanilla,real,val_loss,928.6673583984376
116,vanilla,real,val_loss,924.8212890625
117,vanilla,real,val_loss,924.1981201171876
118,vanilla,real,val_loss,921.1853637695312
119,vanilla,real,val_loss,922.0780029296876
120,vanilla,real,val_loss,921.0198364257812
121,vanilla,real,val_loss,921.3026733398438
122,vanilla,real,val_loss,920.3054809570312
123,vanilla,real,val_loss,920.6776733398438
124,vanilla,real,val_loss,921.4616088867188
125,vanilla,real,val_loss,921.4789428710938
126,vanilla,real,val_loss,920.068359375
127,vanilla,real,val_loss,921.1019897460938
128,vanilla,real,val_loss,921.1155395507812
129,vanilla,real,val_loss,921.339599609375
130,vanilla,real,val_loss,919.8794555664062
131,vanilla,real,val_loss,920.4654541015624
132,vanilla,real,val_loss,920.309814453125
133,vanilla,real,val_loss,919.6456298828124
134,vanilla,real,val_loss,920.6845703125
135,vanilla,real,val_loss,919.62353515625
136,vanilla,real,val_loss,919.2684326171876
137,vanilla,real,val_loss,920.005859375
138,vanilla,real,val_loss,919.2301635742188
139,vanilla,real,val_loss,920.7400512695312
140,vanilla,real,val_loss,918.1127319335938
141,vanilla,real,val_loss,919.169677734375
142,vanilla,real,val_loss,920.389892578125
143,vanilla,real,val_loss,918.5116577148438
144,vanilla,real,val_loss,918.3436889648438
145,vanilla,real,val_loss,919.0467529296876
146,vanilla,real,val_loss,918.6243896484376
147,vanilla,real,val_loss,918.5103759765624
148,vanilla,real,val_loss,918.5028076171876
149,vanilla,real,val_loss,920.5928955078124
150,vanilla,real,val_loss,918.4692993164062
151,vanilla,real,val_loss,919.3070678710938
152,vanilla,real,val_loss,920.3245849609376
153,vanilla,real,val_loss,918.0899658203124
154,vanilla,real,val_loss,918.16552734375
155,vanilla,real,val_loss,918.2444458007812
156,vanilla,real,val_loss,917.76123046875
157,vanilla,real,val_loss,917.8683471679688
158,vanilla,real,val_loss,917.3450927734376
159,vanilla,real,val_loss,917.680419921875
160,vanilla,real,val_loss,917.8855590820312
161,vanilla,real,val_loss,916.6846313476562
162,vanilla,real,val_loss,917.52001953125
163,vanilla,real,val_loss,916.3820190429688
164,vanilla,real,val_loss,917.0377807617188
165,vanilla,real,val_loss,916.8467407226562
166,vanilla,real,val_loss,918.095947265625
167,vanilla,real,val_loss,916.4557495117188
168,vanilla,real,val_loss,916.6453247070312
169,vanilla,real,val_loss,917.846435546875
170,vanilla,real,val_loss,915.807373046875
171,vanilla,real,val_loss,916.6780395507812
172,vanilla,real,val_loss,915.72705078125
173,vanilla,real,val_loss,916.571533203125
174,vanilla,real,val_loss,915.6278076171876
175,vanilla,real,val_loss,917.6064453125
176,vanilla,real,val_loss,920.3914184570312
177,vanilla,real,val_loss,916.0831298828124
178,vanilla,real,val_loss,915.9187622070312
179,vanilla,real,val_loss,916.4618530273438
0,mmd,real,val_loss,3643.92724609375
1,mmd,real,val_loss,3111.855712890625
2,mmd,real,val_loss,2930.556640625
3,mmd,real,val_loss,2838.171142578125
4,mmd,real,val_loss,2890.1025390625
5,mmd,real,val_loss,2856.462158203125
6,mmd,real,val_loss,2839.7900390625
7,mmd,real,val_loss,2820.3203125
8,mmd,real,val_loss,2663.718017578125
9,mmd,real,val_loss,2710.75390625
10,mmd,real,val_loss,2711.43017578125
11,mmd,real,val_loss,2675.871337890625
12,mmd,real,val_loss,2690.783203125
13,mmd,real,val_loss,2699.102294921875
14,mmd,real,val_loss,2623.440185546875
15,mmd,real,val_loss,2687.957275390625
16,mmd,real,val_loss,2714.193603515625
17,mmd,real,val_loss,2636.753662109375
18,mmd,real,val_loss,2619.51806640625
19,mmd,real,val_loss,2656.297607421875
20,mmd,real,val_loss,2700.12646484375
21,mmd,real,val_loss,2570.715576171875
22,mmd,real,val_loss,2598.546142578125
23,mmd,real,val_loss,2607.753662109375
24,mmd,real,val_loss,2570.6640625
25,mmd,real,val_loss,2551.751708984375
26,mmd,real,val_loss,2551.6728515625
27,mmd,real,val_loss,2577.910400390625
28,mmd,real,val_loss,2570.1552734375
29,mmd,real,val_loss,2514.112060546875
0,beta,shuffled,val_loss,3113.607421875
1,beta,shuffled,val_loss,2232.430908203125
2,beta,shuffled,val_loss,2172.0986328125
3,beta,shuffled,val_loss,2150.3662109375
4,beta,shuffled,val_loss,2136.311279296875
5,beta,shuffled,val_loss,2123.7041015625
6,beta,shuffled,val_loss,2113.792236328125
7,beta,shuffled,val_loss,2105.122314453125
8,beta,shuffled,val_loss,2097.34814453125
9,beta,shuffled,val_loss,2091.126220703125
10,beta,shuffled,val_loss,2086.50341796875
11,beta,shuffled,val_loss,2082.122314453125
12,beta,shuffled,val_loss,2078.822265625
13,beta,shuffled,val_loss,2075.760009765625
14,beta,shuffled,val_loss,2073.147705078125
15,beta,shuffled,val_loss,2071.01416015625
16,beta,shuffled,val_loss,2069.260986328125
17,beta,shuffled,val_loss,2067.69970703125
18,beta,shuffled,val_loss,2066.544189453125
19,beta,shuffled,val_loss,2065.68359375
20,beta,shuffled,val_loss,2065.08251953125
21,beta,shuffled,val_loss,2064.7255859375
22,beta,shuffled,val_loss,2064.426513671875
23,beta,shuffled,val_loss,2064.247802734375
24,beta,shuffled,val_loss,2064.14013671875
25,beta,shuffled,val_loss,2064.053955078125
26,beta,shuffled,val_loss,2063.96240234375
27,beta,shuffled,val_loss,2063.998779296875
28,beta,shuffled,val_loss,2064.001708984375
29,beta,shuffled,val_loss,2064.0224609375
30,beta,shuffled,val_loss,2063.979248046875
31,beta,shuffled,val_loss,2063.992431640625
32,beta,shuffled,val_loss,2064.02294921875
33,beta,shuffled,val_loss,2064.02587890625
34,beta,shuffled,val_loss,2064.03564453125
35,beta,shuffled,val_loss,2063.98486328125
36,beta,shuffled,val_loss,2063.966796875
37,beta,shuffled,val_loss,2063.978759765625
38,beta,shuffled,val_loss,2064.061767578125
39,beta,shuffled,val_loss,2063.97998046875
40,beta,shuffled,val_loss,2064.037841796875
41,beta,shuffled,val_loss,2063.965576171875
42,beta,shuffled,val_loss,2064.02294921875
43,beta,shuffled,val_loss,2064.020751953125
44,beta,shuffled,val_loss,2063.979736328125
45,beta,shuffled,val_loss,2064.061279296875
46,beta,shuffled,val_loss,2063.979248046875
47,beta,shuffled,val_loss,2063.992431640625
48,beta,shuffled,val_loss,2063.96923828125
49,beta,shuffled,val_loss,2063.98486328125
50,beta,shuffled,val_loss,2063.966796875
51,beta,shuffled,val_loss,2063.985107421875
52,beta,shuffled,val_loss,2063.9814453125
53,beta,shuffled,val_loss,2063.96826171875
54,beta,shuffled,val_loss,2064.02685546875
55,beta,shuffled,val_loss,2063.975341796875
56,beta,shuffled,val_loss,2064.011474609375
57,beta,shuffled,val_loss,2063.966552734375
58,beta,shuffled,val_loss,2063.999267578125
59,beta,shuffled,val_loss,2063.989501953125
60,beta,shuffled,val_loss,2063.975341796875
61,beta,shuffled,val_loss,2063.93505859375
62,beta,shuffled,val_loss,2063.991455078125
63,beta,shuffled,val_loss,2063.965576171875
64,beta,shuffled,val_loss,2063.975830078125
65,beta,shuffled,val_loss,2063.976806640625
66,beta,shuffled,val_loss,2063.92333984375
67,beta,shuffled,val_loss,2063.958740234375
68,beta,shuffled,val_loss,2063.982177734375
69,beta,shuffled,val_loss,2063.990966796875
70,beta,shuffled,val_loss,2063.9150390625
71,beta,shuffled,val_loss,2063.98876953125
72,beta,shuffled,val_loss,2063.9267578125
73,beta,shuffled,val_loss,2063.943603515625
74,beta,shuffled,val_loss,2063.97021484375
75,beta,shuffled,val_loss,2063.93701171875
76,beta,shuffled,val_loss,2063.958984375
77,beta,shuffled,val_loss,2063.947021484375
78,beta,shuffled,val_loss,2063.955810546875
79,beta,shuffled,val_loss,2063.9814453125
80,beta,shuffled,val_loss,2063.983642578125
81,beta,shuffled,val_loss,2064.01416015625
82,beta,shuffled,val_loss,2063.944580078125
83,beta,shuffled,val_loss,2063.921142578125
84,beta,shuffled,val_loss,2063.961181640625
85,beta,shuffled,val_loss,2063.927001953125
86,beta,shuffled,val_loss,2063.95751953125
87,beta,shuffled,val_loss,2063.975830078125
88,beta,shuffled,val_loss,2063.941162109375
89,beta,shuffled,val_loss,2063.97900390625
90,beta,shuffled,val_loss,2063.961181640625
91,beta,shuffled,val_loss,2063.943359375
92,beta,shuffled,val_loss,2063.96630859375
93,beta,shuffled,val_loss,2063.96435546875
94,beta,shuffled,val_loss,2063.928955078125
95,beta,shuffled,val_loss,2063.946044921875
96,beta,shuffled,val_loss,2063.962890625
97,beta,shuffled,val_loss,2063.947265625
98,beta,shuffled,val_loss,2063.9443359375
99,beta,shuffled,val_loss,2063.955810546875
100,beta,shuffled,val_loss,2063.958740234375
101,beta,shuffled,val_loss,2063.947021484375
102,beta,shuffled,val_loss,2063.923828125
103,beta,shuffled,val_loss,2063.933349609375
104,beta,shuffled,val_loss,2063.9482421875
105,beta,shuffled,val_loss,2063.925048828125
106,beta,shuffled,val_loss,2063.93505859375
107,beta,shuffled,val_loss,2063.9375
108,beta,shuffled,val_loss,2063.892822265625
109,beta,shuffled,val_loss,2063.945556640625
110,beta,shuffled,val_loss,2063.974365234375
111,beta,shuffled,val_loss,2063.904541015625
112,beta,shuffled,val_loss,2063.875244140625
113,beta,shuffled,val_loss,2063.92578125
114,beta,shuffled,val_loss,2063.91943359375
115,beta,shuffled,val_loss,2063.89697265625
116,beta,shuffled,val_loss,2063.94091796875
117,beta,shuffled,val_loss,2063.9599609375
118,beta,shuffled,val_loss,2063.929443359375
119,beta,shuffled,val_loss,2063.9482421875
120,beta,shuffled,val_loss,2063.9384765625
121,beta,shuffled,val_loss,2063.958251953125
122,beta,shuffled,val_loss,2063.91015625
123,beta,shuffled,val_loss,2063.928955078125
124,beta,shuffled,val_loss,2063.91455078125
125,beta,shuffled,val_loss,2063.93310546875
126,beta,shuffled,val_loss,2063.92626953125
127,beta,shuffled,val_loss,2063.909423828125
128,beta,shuffled,val_loss,2063.89794921875
129,beta,shuffled,val_loss,2063.921142578125
130,beta,shuffled,val_loss,2063.953857421875
131,beta,shuffled,val_loss,2063.88623046875
132,beta,shuffled,val_loss,2063.901611328125
133,beta,shuffled,val_loss,2063.954345703125
134,beta,shuffled,val_loss,2063.91552734375
135,beta,shuffled,val_loss,2063.92236328125
136,beta,shuffled,val_loss,2063.94873046875
137,beta,shuffled,val_loss,2063.9423828125
138,beta,shuffled,val_loss,2063.906982421875
139,beta,shuffled,val_loss,2063.84765625
140,beta,shuffled,val_loss,2063.910888671875
141,beta,shuffled,val_loss,2063.916015625
142,beta,shuffled,val_loss,2063.924560546875
143,beta,shuffled,val_loss,2063.921142578125
144,beta,shuffled,val_loss,2063.93701171875
145,beta,shuffled,val_loss,2063.884521484375
146,beta,shuffled,val_loss,2063.922607421875
147,beta,shuffled,val_loss,2063.911376953125
148,beta,shuffled,val_loss,2063.93701171875
149,beta,shuffled,val_loss,2063.949951171875
150,beta,shuffled,val_loss,2063.92822265625
151,beta,shuffled,val_loss,2063.91455078125
152,beta,shuffled,val_loss,2063.896240234375
153,beta,shuffled,val_loss,2063.908447265625
154,beta,shuffled,val_loss,2063.91455078125
155,beta,shuffled,val_loss,2063.908447265625
156,beta,shuffled,val_loss,2063.8701171875
157,beta,shuffled,val_loss,2063.8935546875
158,beta,shuffled,val_loss,2063.908203125
159,beta,shuffled,val_loss,2063.885986328125
160,beta,shuffled,val_loss,2063.93701171875
161,beta,shuffled,val_loss,2063.924560546875
162,beta,shuffled,val_loss,2063.892333984375
163,beta,shuffled,val_loss,2063.889404296875
164,beta,shuffled,val_loss,2063.938720703125
165,beta,shuffled,val_loss,2063.855224609375
166,beta,shuffled,val_loss,2063.921142578125
167,beta,shuffled,val_loss,2063.90625
168,beta,shuffled,val_loss,2063.909423828125
169,beta,shuffled,val_loss,2063.8779296875
170,beta,shuffled,val_loss,2063.8857421875
171,beta,shuffled,val_loss,2063.93212890625
172,beta,shuffled,val_loss,2063.87744140625
173,beta,shuffled,val_loss,2063.92724609375
174,beta,shuffled,val_loss,2063.9345703125
175,beta,shuffled,val_loss,2063.921142578125
176,beta,shuffled,val_loss,2063.89453125
177,beta,shuffled,val_loss,2063.8701171875
178,beta,shuffled,val_loss,2063.8984375
179,beta,shuffled,val_loss,2063.905029296875
0,vanilla,shuffled,val_loss,2055.137939453125
1,vanilla,shuffled,val_loss,1985.77734375
2,vanilla,shuffled,val_loss,1963.586669921875
3,vanilla,shuffled,val_loss,1951.59814453125
4,vanilla,shuffled,val_loss,1942.535400390625
5,vanilla,shuffled,val_loss,1935.1832275390625
6,vanilla,shuffled,val_loss,1927.533203125
7,vanilla,shuffled,val_loss,1921.7933349609373
8,vanilla,shuffled,val_loss,1915.690673828125
9,vanilla,shuffled,val_loss,1910.367431640625
10,vanilla,shuffled,val_loss,1905.96240234375
11,vanilla,shuffled,val_loss,1900.398193359375
12,vanilla,shuffled,val_loss,1895.760986328125
13,vanilla,shuffled,val_loss,1890.383544921875
14,vanilla,shuffled,val_loss,1885.017333984375
15,vanilla,shuffled,val_loss,1880.3026123046875
16,vanilla,shuffled,val_loss,1875.7747802734373
17,vanilla,shuffled,val_loss,1871.559814453125
18,vanilla,shuffled,val_loss,1868.0909423828125
19,vanilla,shuffled,val_loss,1864.189453125
20,vanilla,shuffled,val_loss,1860.69580078125
21,vanilla,shuffled,val_loss,1857.9500732421875
22,vanilla,shuffled,val_loss,1855.0242919921875
23,vanilla,shuffled,val_loss,1851.8271484375
24,vanilla,shuffled,val_loss,1849.4644775390625
25,vanilla,shuffled,val_loss,1846.7125244140625
26,vanilla,shuffled,val_loss,1844.3482666015625
27,vanilla,shuffled,val_loss,1841.912109375
28,vanilla,shuffled,val_loss,1839.99072265625
29,vanilla,shuffled,val_loss,1837.3204345703125
30,vanilla,shuffled,val_loss,1835.6419677734373
31,vanilla,shuffled,val_loss,1833.7960205078125
32,vanilla,shuffled,val_loss,1831.464599609375
33,vanilla,shuffled,val_loss,1829.7430419921875
34,vanilla,shuffled,val_loss,1827.9998779296875
35,vanilla,shuffled,val_loss,1826.5128173828125
36,vanilla,shuffled,val_loss,1824.580078125
37,vanilla,shuffled,val_loss,1822.7496337890625
38,vanilla,shuffled,val_loss,1821.003173828125
39,vanilla,shuffled,val_loss,1819.5565185546875
40,vanilla,shuffled,val_loss,1817.9930419921875
41,vanilla,shuffled,val_loss,1816.830322265625
42,vanilla,shuffled,val_loss,1815.3187255859373
43,vanilla,shuffled,val_loss,1814.3843994140625
44,vanilla,shuffled,val_loss,1813.02783203125
45,vanilla,shuffled,val_loss,1811.98876953125
46,vanilla,shuffled,val_loss,1810.96826171875
47,vanilla,shuffled,val_loss,1809.717041015625
48,vanilla,shuffled,val_loss,1808.83935546875
49,vanilla,shuffled,val_loss,1807.7694091796875
50,vanilla,shuffled,val_loss,1806.835693359375
51,vanilla,shuffled,val_loss,1805.9193115234373
52,vanilla,shuffled,val_loss,1805.02685546875
53,vanilla,shuffled,val_loss,1804.63720703125
54,vanilla,shuffled,val_loss,1803.63232421875
55,vanilla,shuffled,val_loss,1803.177490234375
56,vanilla,shuffled,val_loss,1802.5531005859373
57,vanilla,shuffled,val_loss,1801.68115234375
58,vanilla,shuffled,val_loss,1801.0093994140625
59,vanilla,shuffled,val_loss,1800.664794921875
60,vanilla,shuffled,val_loss,1799.71826171875
61,vanilla,shuffled,val_loss,1799.521728515625
62,vanilla,shuffled,val_loss,1798.7269287109375
63,vanilla,shuffled,val_loss,1798.3414306640625
64,vanilla,shuffled,val_loss,1797.90576171875
65,vanilla,shuffled,val_loss,1797.57861328125
66,vanilla,shuffled,val_loss,1797.077392578125
67,vanilla,shuffled,val_loss,1796.7835693359375
68,vanilla,shuffled,val_loss,1796.092041015625
69,vanilla,shuffled,val_loss,1795.39404296875
70,vanilla,shuffled,val_loss,1795.291015625
71,vanilla,shuffled,val_loss,1794.7364501953125
72,vanilla,shuffled,val_loss,1794.3370361328125
73,vanilla,shuffled,val_loss,1794.0423583984375
74,vanilla,shuffled,val_loss,1793.6614990234375
75,vanilla,shuffled,val_loss,1793.012939453125
76,vanilla,shuffled,val_loss,1792.863037109375
77,vanilla,shuffled,val_loss,1792.342041015625
78,vanilla,shuffled,val_loss,1792.205810546875
79,vanilla,shuffled,val_loss,1791.759033203125
80,vanilla,shuffled,val_loss,1791.427734375
81,vanilla,shuffled,val_loss,1791.1158447265625
82,vanilla,shuffled,val_loss,1791.0496826171875
83,vanilla,shuffled,val_loss,1790.37353515625
84,vanilla,shuffled,val_loss,1790.2364501953125
85,vanilla,shuffled,val_loss,1789.9251708984375
86,vanilla,shuffled,val_loss,1789.706787109375
87,vanilla,shuffled,val_loss,1789.3043212890625
88,vanilla,shuffled,val_loss,1789.4072265625
89,vanilla,shuffled,val_loss,1788.9525146484375
90,vanilla,shuffled,val_loss,1788.9124755859375
91,vanilla,shuffled,val_loss,1788.1715087890625
92,vanilla,shuffled,val_loss,1788.22314453125
93,vanilla,shuffled,val_loss,1787.98486328125
94,vanilla,shuffled,val_loss,1787.6221923828125
95,vanilla,shuffled,val_loss,1787.15087890625
96,vanilla,shuffled,val_loss,1787.493896484375
97,vanilla,shuffled,val_loss,1786.9552001953125
98,vanilla,shuffled,val_loss,1786.317138671875
99,vanilla,shuffled,val_loss,1786.152587890625
100,vanilla,shuffled,val_loss,1785.928466796875
101,vanilla,shuffled,val_loss,1785.6868896484375
102,vanilla,shuffled,val_loss,1785.600830078125
103,vanilla,shuffled,val_loss,1785.3626708984375
104,vanilla,shuffled,val_loss,1785.150146484375
105,vanilla,shuffled,val_loss,1784.5960693359375
106,vanilla,shuffled,val_loss,1784.833740234375
107,vanilla,shuffled,val_loss,1784.7576904296875
108,vanilla,shuffled,val_loss,1784.226806640625
109,vanilla,shuffled,val_loss,1784.1546630859375
110,vanilla,shuffled,val_loss,1783.8548583984375
111,vanilla,shuffled,val_loss,1783.5858154296875
112,vanilla,shuffled,val_loss,1783.80859375
113,vanilla,shuffled,val_loss,1783.343994140625
114,vanilla,shuffled,val_loss,1783.0535888671875
115,vanilla,shuffled,val_loss,1783.265380859375
116,vanilla,shuffled,val_loss,1782.833740234375
117,vanilla,shuffled,val_loss,1782.781982421875
118,vanilla,shuffled,val_loss,1782.5616455078125
119,vanilla,shuffled,val_loss,1782.40185546875
120,vanilla,shuffled,val_loss,1782.8568115234375
121,vanilla,shuffled,val_loss,1782.038818359375
122,vanilla,shuffled,val_loss,1782.0816650390625
123,vanilla,shuffled,val_loss,1782.2869873046875
124,vanilla,shuffled,val_loss,1781.6478271484375
125,vanilla,shuffled,val_loss,1781.28271484375
126,vanilla,shuffled,val_loss,1781.9083251953125
127,vanilla,shuffled,val_loss,1781.3095703125
128,vanilla,shuffled,val_loss,1781.05078125
129,vanilla,shuffled,val_loss,1780.890625
130,vanilla,shuffled,val_loss,1780.9412841796875
131,vanilla,shuffled,val_loss,1780.686767578125
132,vanilla,shuffled,val_loss,1781.1134033203125
133,vanilla,shuffled,val_loss,1780.5447998046875
134,vanilla,shuffled,val_loss,1780.53759765625
135,vanilla,shuffled,val_loss,1780.49609375
136,vanilla,shuffled,val_loss,1779.952392578125
137,vanilla,shuffled,val_loss,1779.9149169921875
138,vanilla,shuffled,val_loss,1779.7828369140625
139,vanilla,shuffled,val_loss,1779.4622802734375
140,vanilla,shuffled,val_loss,1779.127197265625
141,vanilla,shuffled,val_loss,1779.3892822265625
142,vanilla,shuffled,val_loss,1779.5169677734375
143,vanilla,shuffled,val_loss,1779.1514892578125
144,vanilla,shuffled,val_loss,1779.0028076171875
145,vanilla,shuffled,val_loss,1779.1341552734375
146,vanilla,shuffled,val_loss,1778.6046142578125
147,vanilla,shuffled,val_loss,1778.6173095703125
148,vanilla,shuffled,val_loss,1778.267333984375
149,vanilla,shuffled,val_loss,1778.386962890625
150,vanilla,shuffled,val_loss,1778.31982421875
151,vanilla,shuffled,val_loss,1778.052001953125
152,vanilla,shuffled,val_loss,1777.902099609375
153,vanilla,shuffled,val_loss,1777.85791015625
154,vanilla,shuffled,val_loss,1777.546142578125
155,vanilla,shuffled,val_loss,1777.2542724609375
156,vanilla,shuffled,val_loss,1777.451416015625
157,vanilla,shuffled,val_loss,1777.071044921875
158,vanilla,shuffled,val_loss,1776.97705078125
159,vanilla,shuffled,val_loss,1776.822998046875
160,vanilla,shuffled,val_loss,1776.6263427734375
161,vanilla,shuffled,val_loss,1777.100830078125
162,vanilla,shuffled,val_loss,1776.0955810546875
163,vanilla,shuffled,val_loss,1776.794189453125
164,vanilla,shuffled,val_loss,1776.445556640625
165,vanilla,shuffled,val_loss,1776.4105224609375
166,vanilla,shuffled,val_loss,1776.21533203125
167,vanilla,shuffled,val_loss,1775.8868408203125
168,vanilla,shuffled,val_loss,1775.8309326171875
169,vanilla,shuffled,val_loss,1775.6728515625
170,vanilla,shuffled,val_loss,1775.83740234375
171,vanilla,shuffled,val_loss,1775.5662841796875
172,vanilla,shuffled,val_loss,1775.7734375
173,vanilla,shuffled,val_loss,1775.2884521484375
174,vanilla,shuffled,val_loss,1775.38232421875
175,vanilla,shuffled,val_loss,1775.285400390625
176,vanilla,shuffled,val_loss,1774.9658203125
177,vanilla,shuffled,val_loss,1775.1322021484375
178,vanilla,shuffled,val_loss,1774.8216552734375
179,vanilla,shuffled,val_loss,1774.85693359375
0,mmd,shuffled,val_loss,8062.68798828125
1,mmd,shuffled,val_loss,4026.75927734375
2,mmd,shuffled,val_loss,3626.27392578125
3,mmd,shuffled,val_loss,3552.9033203125
4,mmd,shuffled,val_loss,3535.080078125
5,mmd,shuffled,val_loss,3506.732177734375
6,mmd,shuffled,val_loss,3335.8837890625
7,mmd,shuffled,val_loss,3400.6728515625
8,mmd,shuffled,val_loss,3448.55712890625
9,mmd,shuffled,val_loss,3365.027099609375
10,mmd,shuffled,val_loss,3434.570556640625
11,mmd,shuffled,val_loss,3456.34130859375
12,mmd,shuffled,val_loss,3433.23779296875
13,mmd,shuffled,val_loss,3406.3447265625
14,mmd,shuffled,val_loss,3433.77880859375
15,mmd,shuffled,val_loss,3416.8203125
16,mmd,shuffled,val_loss,3404.70166015625
17,mmd,shuffled,val_loss,3566.878662109375
18,mmd,shuffled,val_loss,3433.298095703125
19,mmd,shuffled,val_loss,3464.554443359375
20,mmd,shuffled,val_loss,3476.302490234375
21,mmd,shuffled,val_loss,3561.57568359375
22,mmd,shuffled,val_loss,3304.402587890625
23,mmd,shuffled,val_loss,3381.788818359375
24,mmd,shuffled,val_loss,3368.69189453125
25,mmd,shuffled,val_loss,3470.605712890625
26,mmd,shuffled,val_loss,3472.232177734375
27,mmd,shuffled,val_loss,3402.3671875
28,mmd,shuffled,val_loss,3372.13525390625
29,mmd,shuffled,val_loss,3408.62353515625
